unique_id,gender,hold racket handed,play years_0,play years_1,play years_2,level_2,level_3,level_4,level_5
1968,0.9897,0.9998,0.0505,0.924,0.0256,0.0077,0.9833,0.0006,0.0085
1969,0.9892,0.9999,0.0102,0.9845,0.0053,0.0007,0.0146,0.0006,0.9841
1970,0.9943,0.9999,0.0059,0.9728,0.0213,0.0006,0.007,0.0005,0.992
1971,0.992,0.9998,0.0073,0.9879,0.0048,0.0006,0.0106,0.0005,0.9884
1972,0.9794,0.9999,0.0193,0.2615,0.7192,0.0022,0.2729,0.0018,0.7231
1973,0.9951,0.9999,0.078,0.1792,0.7429,0.7112,0.258,0.0024,0.0284
1974,0.9909,0.9998,0.0128,0.9752,0.012,0.0006,0.0091,0.0005,0.9898
1975,0.9942,0.9998,0.0174,0.9632,0.0194,0.0007,0.0056,0.0005,0.9933
1976,0.9981,0.9998,0.0235,0.9703,0.0062,0.0024,0.7285,0.0021,0.267
1977,0.9949,0.9999,0.0063,0.9887,0.0051,0.0006,0.0071,0.0005,0.9917
1978,0.9924,0.9998,0.0066,0.9869,0.0064,0.0006,0.0054,0.0005,0.9936
1979,0.9747,0.9997,0.0101,0.9842,0.0058,0.0012,0.2612,0.001,0.7366
1980,0.0295,0.9984,0.0062,0.0553,0.9385,0.992,0.0008,0.0014,0.0057
1981,0.9984,0.0005,0.0077,0.9883,0.004,0.0013,0.0065,0.0012,0.9911
1982,0.9906,0.9998,0.007,0.989,0.004,0.0006,0.0068,0.0005,0.9922
1983,0.9872,0.0093,0.0066,0.9739,0.0196,0.0106,0.0301,0.0095,0.9498
1984,0.9928,0.9998,0.1126,0.75,0.1374,0.2625,0.0205,0.0033,0.7138
1985,0.9991,0.0005,0.0748,0.9188,0.0064,0.0218,0.0138,0.0018,0.9625
1986,0.9933,0.9998,0.0098,0.9854,0.0049,0.0008,0.0089,0.0006,0.9897
1987,0.978,0.9998,0.0303,0.7414,0.2284,0.0008,0.0224,0.0007,0.9761
1988,0.9946,0.9997,0.0132,0.2422,0.7446,0.948,0.0015,0.0126,0.038
1989,0.9596,0.9999,0.0114,0.9635,0.0251,0.0009,0.0211,0.0007,0.9772
1990,0.9987,0.0006,0.0097,0.985,0.0053,0.0112,0.0057,0.0019,0.9812
1991,0.9955,0.9999,0.4856,0.4303,0.0842,0.4081,0.3624,0.0047,0.2248
1992,0.9798,0.9998,0.0179,0.3271,0.655,0.0013,0.011,0.0007,0.987
1993,0.9965,0.0005,0.0039,0.9912,0.0049,0.0011,0.0097,0.0012,0.988
1994,0.9925,0.9999,0.0098,0.9732,0.0169,0.0005,0.008,0.0004,0.9911
1995,0.9875,0.9996,0.0312,0.9297,0.0391,0.007,0.9861,0.0006,0.0063
1996,0.037,0.9998,0.0137,0.9809,0.0054,0.002,0.0164,0.001,0.9806
1997,0.9802,0.9999,0.0044,0.992,0.0036,0.0033,0.2679,0.0018,0.727
1998,0.9963,0.9999,0.0066,0.9881,0.0053,0.0005,0.0056,0.0004,0.9935
1999,0.9956,0.9998,0.0095,0.9667,0.0238,0.0005,0.0057,0.0004,0.9934
2000,0.9929,0.9999,0.0412,0.7367,0.222,0.2611,0.7307,0.0009,0.0072
2001,0.9946,0.9997,0.476,0.4816,0.0424,0.0033,0.994,0.0004,0.0023
2002,0.9968,0.9998,0.017,0.9769,0.0061,0.0044,0.2584,0.0028,0.7344
2003,0.8986,0.9998,0.034,0.7416,0.2244,0.001,0.0138,0.0008,0.9845
2004,0.9792,0.9998,0.1188,0.7288,0.1523,0.7413,0.0365,0.0053,0.2169
2005,0.0122,0.9996,0.0114,0.0051,0.9835,0.9913,0.0005,0.0005,0.0077
2006,0.9985,0.0005,0.005,0.9909,0.0041,0.001,0.008,0.0011,0.9899
2007,0.9985,0.0005,0.0558,0.9373,0.007,0.0177,0.2818,0.0019,0.6987
2008,0.9974,0.0021,0.3821,0.4877,0.1302,0.0017,0.2577,0.0027,0.7379
2009,0.9884,0.0008,0.0089,0.989,0.0021,0.0016,0.0336,0.0026,0.9622
2010,0.9893,0.9998,0.0095,0.986,0.0044,0.0026,0.7418,0.0021,0.2536
2011,0.999,0.0005,0.0106,0.983,0.0064,0.0115,0.0064,0.0013,0.9809
2012,0.9941,0.999,0.2803,0.4195,0.3003,0.0617,0.7126,0.0016,0.2241
2013,0.979,0.9999,0.0063,0.9905,0.0032,0.0032,0.2486,0.0029,0.7453
2014,0.9956,0.9998,0.0054,0.9774,0.0172,0.0005,0.0067,0.0004,0.9924
2015,0.9968,0.0008,0.7421,0.235,0.0229,0.026,0.2501,0.0043,0.7196
2016,0.994,0.9997,0.1895,0.7411,0.0694,0.007,0.9862,0.0005,0.0062
2017,0.9875,0.9999,0.0049,0.9908,0.0043,0.0009,0.0131,0.0007,0.9853
2018,0.9947,0.9999,0.0118,0.9786,0.0095,0.0005,0.006,0.0004,0.9931
2019,0.9921,0.9998,0.0085,0.985,0.0065,0.0007,0.0159,0.0005,0.9829
2020,0.0105,0.9993,0.0111,0.0066,0.9822,0.9943,0.0012,0.0006,0.0039
2021,0.9826,0.9998,0.082,0.4946,0.4234,0.0241,0.0013,0.0024,0.9722
2022,0.0172,0.9992,0.0218,0.0119,0.9663,0.9941,0.0009,0.0012,0.0038
2023,0.99,0.9998,0.009,0.7473,0.2437,0.0007,0.0106,0.0006,0.9882
2024,0.9941,0.9999,0.0144,0.7457,0.24,0.0026,0.6477,0.0023,0.3474
2025,0.9636,0.9994,0.0087,0.976,0.0153,0.0123,0.2932,0.0023,0.6921
2026,0.9963,0.9998,0.2293,0.4878,0.2829,0.2119,0.7481,0.003,0.037
2027,0.9843,0.9999,0.0214,0.2507,0.7279,0.7145,0.0024,0.0072,0.276
2028,0.9993,0.0004,0.0234,0.9699,0.0068,0.0045,0.0098,0.0027,0.9829
2029,0.9864,0.9999,0.0055,0.9881,0.0064,0.0006,0.0075,0.0005,0.9915
2030,0.9876,0.9997,0.0331,0.9397,0.0272,0.0056,0.986,0.0006,0.0078
2031,0.994,0.9998,0.0116,0.983,0.0054,0.0013,0.9563,0.001,0.0413
2032,0.9952,0.9999,0.0265,0.9624,0.011,0.0007,0.0114,0.0005,0.9873
2033,0.9834,0.9998,0.1848,0.487,0.3283,0.7474,0.0838,0.0043,0.1645
2034,0.9806,0.9997,0.0318,0.9486,0.0196,0.0067,0.9822,0.0006,0.0105
2035,0.9992,0.0009,0.0468,0.9355,0.0177,0.0353,0.6898,0.0059,0.2691
2036,0.9436,0.9998,0.0082,0.9879,0.0039,0.002,0.2471,0.0017,0.7493
2037,0.9934,0.9999,0.1468,0.1278,0.7254,0.7476,0.1582,0.0021,0.0921
2038,0.9966,0.9999,0.0064,0.986,0.0076,0.0005,0.0078,0.0004,0.9914
2039,0.9888,0.9998,0.0162,0.978,0.0058,0.0025,0.7424,0.0021,0.2529
2040,0.9959,0.9999,0.0494,0.6507,0.2999,0.0006,0.9704,0.0005,0.0285
2041,0.974,0.9998,0.004,0.9929,0.0031,0.0027,0.2565,0.0021,0.7387
2042,0.9961,0.9999,0.1623,0.7409,0.0968,0.1035,0.7361,0.0024,0.158
2043,0.9974,0.9999,0.012,0.9844,0.0036,0.0005,0.008,0.0004,0.991
2044,0.0174,0.9999,0.0066,0.0071,0.9863,0.9864,0.0006,0.0013,0.0117
2045,0.9771,0.9998,0.009,0.7295,0.2615,0.0006,0.0074,0.0005,0.9915
2046,0.998,0.9998,0.0067,0.9889,0.0044,0.0006,0.0073,0.0005,0.9917
2047,0.9622,0.9999,0.0252,0.7499,0.2249,0.002,0.6709,0.0016,0.3256
2048,0.9969,0.9998,0.0478,0.6971,0.2551,0.0008,0.9697,0.0006,0.0288
2049,0.9853,0.9998,0.0074,0.9882,0.0044,0.0008,0.0297,0.0007,0.9687
2050,0.9929,0.9999,0.1142,0.732,0.1538,0.0074,0.0077,0.0006,0.9843
2051,0.9805,0.9998,0.0301,0.9529,0.0169,0.0052,0.0076,0.0005,0.9867
2052,0.9921,0.9999,0.0079,0.9857,0.0063,0.0006,0.0078,0.0004,0.9911
2053,0.997,0.9999,0.2077,0.3189,0.4735,0.6868,0.1582,0.0069,0.1481
2054,0.9942,0.9999,0.0935,0.4728,0.4336,0.4598,0.2275,0.0024,0.3103
2055,0.99,0.9998,0.0092,0.9714,0.0195,0.0029,0.0149,0.0006,0.9816
2056,0.9932,0.9999,0.1322,0.7468,0.1209,0.0443,0.7402,0.0022,0.2134
2057,0.8176,0.9999,0.0089,0.9875,0.0036,0.0022,0.7247,0.0018,0.2713
2058,0.9634,0.9998,0.009,0.986,0.005,0.0011,0.0194,0.0009,0.9786
2059,0.9766,0.9998,0.0101,0.9866,0.0033,0.0023,0.7422,0.0019,0.2536
2060,0.9798,0.9998,0.0216,0.9696,0.0088,0.0022,0.2538,0.0015,0.7426
2061,0.9934,0.9998,0.1382,0.7295,0.1324,0.0111,0.9829,0.0006,0.0055
2062,0.9935,0.9999,0.7435,0.1722,0.0843,0.0201,0.0327,0.0016,0.9456
2063,0.994,0.9999,0.0252,0.7217,0.2531,0.001,0.0204,0.0008,0.9777
2064,0.9985,0.0007,0.0468,0.9436,0.0096,0.0009,0.0128,0.0017,0.9847
2065,0.9908,0.9999,0.3273,0.4991,0.1736,0.4969,0.3733,0.0102,0.1196
2066,0.9605,0.9998,0.0231,0.2288,0.748,0.7338,0.002,0.0048,0.2594
2067,0.9985,0.0006,0.7397,0.2355,0.0248,0.0395,0.7495,0.0062,0.2049
2068,0.9981,0.0006,0.0284,0.962,0.0096,0.0012,0.014,0.0012,0.9836
2069,0.9927,0.9998,0.3357,0.199,0.4653,0.1971,0.7463,0.0032,0.0534
2070,0.9987,0.9998,0.0074,0.9443,0.0484,0.0031,0.6681,0.0025,0.3263
2071,0.9984,0.0004,0.0125,0.9842,0.0034,0.0008,0.0082,0.001,0.99
2072,0.9975,0.0006,0.0094,0.9885,0.0021,0.0013,0.0186,0.0019,0.9782
2073,0.9987,0.0005,0.0049,0.9903,0.0048,0.0011,0.0102,0.0013,0.9873
2074,0.0535,0.9998,0.0071,0.9871,0.0058,0.0027,0.0307,0.0011,0.9655
2075,0.9927,0.9999,0.1118,0.1455,0.7427,0.9725,0.0138,0.0007,0.0131
2076,0.9913,0.9998,0.1498,0.3525,0.4978,0.4957,0.4579,0.0028,0.0436
2077,0.9917,0.9999,0.0834,0.7018,0.2148,0.0007,0.9581,0.0006,0.0406
2078,0.9966,0.9998,0.2275,0.7355,0.0369,0.0136,0.9596,0.0007,0.0261
2079,0.0173,0.9997,0.0197,0.0365,0.9438,0.9906,0.0009,0.0017,0.0068
2080,0.9921,0.9998,0.012,0.2555,0.7324,0.0035,0.3023,0.0022,0.692
2081,0.999,0.0005,0.0255,0.9519,0.0226,0.0014,0.0113,0.0012,0.9861
2082,0.992,0.9999,0.0783,0.7433,0.1784,0.0058,0.0023,0.0006,0.9913
2083,0.9888,0.9998,0.0104,0.9839,0.0057,0.0042,0.7112,0.0017,0.2828
2084,0.9927,0.9999,0.0499,0.9369,0.0133,0.1088,0.1812,0.0028,0.7072
2085,0.9892,0.9998,0.0076,0.9807,0.0117,0.0026,0.0259,0.0011,0.9704
2086,0.9845,0.9999,0.0085,0.9853,0.0062,0.0024,0.0407,0.0014,0.9555
2087,0.9878,0.9999,0.0119,0.983,0.0051,0.0019,0.2623,0.0016,0.7343
2088,0.9811,0.9998,0.0071,0.9898,0.0031,0.0019,0.7278,0.0013,0.269
2089,0.9838,0.9999,0.0135,0.9719,0.0146,0.0006,0.0101,0.0005,0.9888
2090,0.9883,0.9999,0.0141,0.9772,0.0087,0.0006,0.0147,0.0005,0.9842
2091,0.976,0.9996,0.0471,0.924,0.029,0.0139,0.9636,0.0009,0.0216
2092,0.9633,0.9998,0.0104,0.983,0.0066,0.0031,0.2452,0.0025,0.7493
2093,0.991,0.9999,0.0069,0.987,0.0061,0.0006,0.0077,0.0005,0.9912
2094,0.9814,0.9999,0.0092,0.9859,0.0049,0.0006,0.0117,0.0005,0.9872
2095,0.9979,0.0011,0.0488,0.916,0.0352,0.0014,0.0144,0.0017,0.9825
2096,0.9949,0.9999,0.2879,0.6858,0.0263,0.0433,0.2435,0.0031,0.7102
2097,0.9989,0.0005,0.0247,0.9675,0.0077,0.0096,0.0277,0.0025,0.9602
2098,0.9957,0.9999,0.1149,0.6882,0.1969,0.0262,0.9578,0.0009,0.0151
2099,0.993,0.9999,0.0309,0.7456,0.2235,0.0027,0.7341,0.0022,0.261
2100,0.9718,0.9998,0.0763,0.2944,0.6293,0.6752,0.0085,0.0022,0.314
2101,0.9941,0.9999,0.1851,0.4986,0.3164,0.4891,0.4361,0.0053,0.0695
2102,0.9984,0.0006,0.1101,0.7279,0.1621,0.0198,0.7174,0.004,0.2588
2103,0.994,0.9999,0.0112,0.9813,0.0075,0.0008,0.0108,0.0005,0.9879
2104,0.9911,0.9998,0.0261,0.9293,0.0446,0.0364,0.7488,0.002,0.2128
2105,0.9842,0.9999,0.0044,0.992,0.0036,0.0008,0.0123,0.0006,0.9864
2106,0.9499,0.9998,0.007,0.9874,0.0057,0.0028,0.2523,0.0019,0.7431
2107,0.9926,0.9999,0.009,0.9819,0.0091,0.0006,0.0077,0.0005,0.9912
2108,0.9954,0.9998,0.0098,0.9852,0.005,0.0006,0.0083,0.0005,0.9906
2109,0.9818,0.9998,0.0123,0.9777,0.01,0.0058,0.2487,0.0025,0.743
2110,0.9947,0.9999,0.0271,0.0434,0.9295,0.7475,0.188,0.0016,0.0629
2111,0.993,0.9999,0.0797,0.1845,0.7358,0.7477,0.0015,0.0038,0.2471
2112,0.9822,0.9997,0.0074,0.984,0.0086,0.003,0.2674,0.0019,0.7276
2113,0.9934,0.9999,0.0502,0.9057,0.0441,0.1958,0.7152,0.0036,0.0854
2114,0.9942,0.9999,0.1741,0.7488,0.077,0.0153,0.0078,0.001,0.9758
2115,0.9861,0.9998,0.006,0.9893,0.0047,0.0031,0.249,0.0025,0.7455
2116,0.9937,0.9999,0.0556,0.2219,0.7225,0.7469,0.2373,0.0015,0.0144
2117,0.9916,0.9999,0.1289,0.7182,0.1529,0.2271,0.7474,0.0013,0.0242
2118,0.9932,0.9998,0.0144,0.9809,0.0047,0.0006,0.0106,0.0005,0.9884
2119,0.9985,0.0013,0.1541,0.7473,0.0986,0.0158,0.0333,0.0023,0.9486
2120,0.9986,0.0005,0.0192,0.9759,0.0049,0.0078,0.0428,0.0011,0.9483
2121,0.9649,0.9998,0.0075,0.9868,0.0057,0.0009,0.0173,0.0008,0.981
2122,0.9912,0.9999,0.0879,0.18,0.7321,0.7242,0.2603,0.0014,0.0141
2123,0.9863,0.9998,0.0084,0.9856,0.006,0.0006,0.0097,0.0005,0.9892
2124,0.0449,0.9998,0.0135,0.9771,0.0094,0.001,0.0125,0.0007,0.9858
2125,0.9963,0.9999,0.0057,0.9912,0.0031,0.0005,0.0062,0.0004,0.993
2126,0.99,0.0016,0.0368,0.9233,0.0398,0.0009,0.0115,0.0011,0.9865
2127,0.9715,0.9998,0.0137,0.9821,0.0042,0.0036,0.4985,0.0024,0.4955
2128,0.9973,0.9999,0.0107,0.9834,0.006,0.0006,0.0063,0.0004,0.9927
2129,0.9976,0.9998,0.0116,0.9839,0.0045,0.0006,0.0049,0.0005,0.994
2130,0.9989,0.0007,0.7258,0.241,0.0332,0.0016,0.9733,0.0021,0.0229
2131,0.9949,0.9998,0.0184,0.9729,0.0086,0.0011,0.0332,0.0009,0.9648
2132,0.9924,0.9998,0.1671,0.0983,0.7346,0.7359,0.2472,0.0019,0.015
2133,0.9911,0.9999,0.0084,0.9854,0.0062,0.0007,0.0104,0.0006,0.9883
2134,0.995,0.9998,0.0128,0.9812,0.006,0.0005,0.0067,0.0004,0.9924
2135,0.9984,0.0005,0.0162,0.9792,0.0046,0.0069,0.0247,0.0011,0.9672
2136,0.9898,0.9998,0.028,0.7301,0.2419,0.4827,0.4672,0.0027,0.0474
2137,0.9985,0.0005,0.3022,0.6087,0.0891,0.0006,0.9786,0.0012,0.0197
2138,0.992,0.9999,0.0077,0.9878,0.0044,0.0006,0.0079,0.0005,0.9911
2139,0.9872,0.9998,0.0057,0.9904,0.0039,0.0014,0.0096,0.0007,0.9883
2140,0.9935,0.9998,0.0085,0.9819,0.0095,0.0005,0.0051,0.0004,0.9941
2141,0.9958,0.9997,0.4617,0.4646,0.0737,0.0519,0.7395,0.0018,0.2068
2142,0.9972,0.0005,0.0164,0.9803,0.0032,0.0012,0.0078,0.0013,0.9897
2143,0.96,0.9997,0.0056,0.987,0.0074,0.0028,0.6905,0.0013,0.3054
2144,0.9944,0.9998,0.0084,0.976,0.0156,0.0005,0.0056,0.0004,0.9934
2145,0.9954,0.9999,0.352,0.155,0.493,0.4998,0.3621,0.003,0.1351
2146,0.9917,0.9999,0.0049,0.9878,0.0072,0.0005,0.0045,0.0004,0.9945
2147,0.0332,0.9998,0.011,0.9795,0.0096,0.0011,0.0159,0.0008,0.9822
2148,0.984,0.9999,0.0077,0.9874,0.0049,0.001,0.0068,0.0005,0.9917
2149,0.9992,0.0007,0.0197,0.9756,0.0047,0.004,0.0752,0.0043,0.9165
2150,0.9977,0.0006,0.0099,0.9819,0.0081,0.0081,0.0074,0.0017,0.9829
2151,0.9959,0.9999,0.009,0.0234,0.9676,0.978,0.012,0.0007,0.0094
2152,0.0432,0.9998,0.0111,0.9721,0.0168,0.0029,0.0112,0.0007,0.9852
2153,0.0567,0.9999,0.0057,0.0136,0.9807,0.9833,0.0007,0.0026,0.0134
2154,0.983,0.9998,0.0145,0.2736,0.7118,0.0007,0.0149,0.0006,0.9838
2155,0.9956,0.0005,0.0082,0.986,0.0058,0.0008,0.0109,0.0009,0.9873
2156,0.9942,0.9998,0.0832,0.7429,0.1739,0.1862,0.7494,0.0051,0.0594
2157,0.9913,0.9999,0.0142,0.9796,0.0062,0.0005,0.0078,0.0004,0.9912
2158,0.9987,0.0005,0.0088,0.9894,0.0018,0.001,0.0078,0.0013,0.99
2159,0.9216,0.9999,0.0195,0.743,0.2375,0.0009,0.0239,0.0007,0.9745
2160,0.994,0.9999,0.009,0.9863,0.0047,0.0008,0.014,0.0006,0.9845
2161,0.9867,0.9999,0.0076,0.9886,0.0038,0.0008,0.0117,0.0006,0.9869
2162,0.0374,0.9998,0.0127,0.9793,0.008,0.0017,0.012,0.0008,0.9855
2163,0.9895,0.9998,0.0126,0.9789,0.0085,0.0007,0.0185,0.0006,0.9802
2164,0.9845,0.9998,0.0087,0.9797,0.0116,0.0023,0.0378,0.0017,0.9582
2165,0.9959,0.9999,0.0126,0.9766,0.0108,0.0012,0.006,0.0005,0.9923
2166,0.9919,0.9999,0.0327,0.2553,0.7119,0.2561,0.0015,0.0039,0.7386
2167,0.9792,0.9999,0.0048,0.9929,0.0023,0.0015,0.0141,0.0007,0.9837
2168,0.9979,0.0007,0.0138,0.9818,0.0043,0.001,0.0099,0.0011,0.988
2169,0.9328,0.9999,0.7072,0.0814,0.2114,0.081,0.001,0.0017,0.9162
2170,0.9746,0.9999,0.0261,0.74,0.2339,0.002,0.7462,0.0017,0.2501
2171,0.989,0.9979,0.0412,0.7437,0.2151,0.0172,0.4971,0.0025,0.4833
2172,0.9684,0.9996,0.0322,0.948,0.0197,0.0151,0.9358,0.0011,0.048
2173,0.9979,0.0005,0.0101,0.9879,0.002,0.0008,0.0086,0.0009,0.9898
2175,0.9987,0.0004,0.2216,0.7258,0.0525,0.0594,0.2034,0.007,0.7302
2176,0.9963,0.9999,0.1079,0.4921,0.4,0.4822,0.1258,0.0048,0.3872
2177,0.0712,0.9998,0.0131,0.9796,0.0073,0.002,0.0538,0.0013,0.943
2178,0.9813,0.9995,0.0041,0.9806,0.0153,0.0144,0.2827,0.006,0.6969
2179,0.978,0.9997,0.0306,0.6496,0.3198,0.0113,0.1232,0.0026,0.863
2180,0.9986,0.0004,0.0092,0.9824,0.0084,0.0067,0.0069,0.0013,0.9851
2181,0.9944,0.9999,0.0245,0.0208,0.9548,0.9748,0.0179,0.0008,0.0065
2183,0.9969,0.9999,0.1277,0.7293,0.143,0.0348,0.2862,0.0024,0.6766
2184,0.9935,0.9999,0.1243,0.6903,0.1854,0.2059,0.0446,0.0037,0.7457
2185,0.9945,0.9998,0.1242,0.4786,0.3972,0.0466,0.4815,0.0015,0.4704
2186,0.9962,0.0011,0.0354,0.9419,0.0227,0.0013,0.012,0.0014,0.9853
2187,0.9924,0.9999,0.032,0.0241,0.9439,0.9662,0.0234,0.0008,0.0096
2188,0.9815,0.9999,0.0082,0.9876,0.0042,0.0011,0.0078,0.0006,0.9905
2189,0.9846,0.9992,0.1688,0.4889,0.3423,0.4561,0.4122,0.0024,0.1293
2190,0.987,0.9999,0.0374,0.6633,0.2992,0.0007,0.0099,0.0005,0.9889
2191,0.9983,0.0005,0.007,0.9877,0.0053,0.01,0.0074,0.0024,0.9801
2192,0.9911,0.9999,0.0058,0.9852,0.009,0.0007,0.012,0.0006,0.9867
2193,0.9907,0.9999,0.0137,0.9781,0.0082,0.0005,0.0089,0.0004,0.9902
2194,0.1258,0.9998,0.0048,0.9909,0.0043,0.0008,0.9675,0.0007,0.0309
2195,0.983,0.9998,0.0125,0.9791,0.0085,0.0005,0.9808,0.0005,0.0182
2196,0.9644,0.9998,0.0083,0.9857,0.006,0.0011,0.0172,0.0009,0.9808
2197,0.9976,0.0005,0.008,0.9875,0.0045,0.001,0.0091,0.0011,0.9889
2198,0.1364,0.9998,0.0057,0.9865,0.0078,0.0009,0.9373,0.0008,0.061
2199,0.9376,0.9998,0.009,0.9861,0.0048,0.0006,0.0068,0.0005,0.992
2200,0.9909,0.9999,0.047,0.7408,0.2122,0.2549,0.0168,0.0015,0.7268
2201,0.997,0.9999,0.4756,0.2508,0.2736,0.2241,0.4921,0.0031,0.2807
2202,0.9811,0.9998,0.0103,0.9784,0.0113,0.0028,0.2499,0.0022,0.745
2203,0.9933,0.9998,0.0041,0.9896,0.0063,0.0022,0.2561,0.0019,0.7398
2204,0.9984,0.0017,0.4897,0.4027,0.1076,0.002,0.7343,0.0026,0.2611
2205,0.9932,0.9999,0.0361,0.302,0.6619,0.7132,0.2692,0.0021,0.0156
2206,0.9762,0.9999,0.0065,0.9903,0.0032,0.0012,0.0661,0.001,0.9318
2207,0.9605,0.9997,0.0985,0.7448,0.1568,0.7317,0.0077,0.0049,0.2557
2208,0.9599,0.9998,0.0043,0.9925,0.0032,0.002,0.2575,0.0016,0.7388
2209,0.9908,0.9998,0.3641,0.4874,0.1484,0.0146,0.0093,0.0012,0.9748
2210,0.9763,0.9999,0.0058,0.9893,0.0049,0.0007,0.0103,0.0006,0.9885
2211,0.9944,0.9999,0.0432,0.0297,0.9271,0.9628,0.0225,0.0006,0.0141
2212,0.9875,0.9997,0.0498,0.9164,0.0337,0.0049,0.9876,0.0005,0.007
2213,0.9993,0.0004,0.0149,0.9805,0.0046,0.0037,0.0071,0.0019,0.9873
2214,0.9846,0.9999,0.0086,0.9883,0.0031,0.0021,0.2634,0.0017,0.7328
2215,0.9278,0.9999,0.0198,0.6381,0.3421,0.0019,0.7428,0.0016,0.2537
2216,0.9986,0.0005,0.1433,0.7402,0.1165,0.038,0.2115,0.0063,0.7442
2217,0.9753,0.9997,0.0435,0.9241,0.0324,0.0087,0.9776,0.0007,0.013
2218,0.9983,0.9998,0.0048,0.9834,0.0118,0.0022,0.9482,0.0011,0.0486
2219,0.996,0.9999,0.2288,0.7447,0.0265,0.2245,0.2857,0.0039,0.4859
2220,0.9975,0.0005,0.0066,0.9912,0.0023,0.0014,0.01,0.0013,0.9873
2221,0.9909,0.9998,0.0694,0.9048,0.0258,0.0072,0.9867,0.0005,0.0056
2222,0.9791,0.9998,0.0041,0.9714,0.0245,0.0018,0.0498,0.0016,0.9468
2223,0.998,0.0005,0.2791,0.6641,0.0569,0.0068,0.7474,0.0091,0.2367
2224,0.9972,0.9998,0.0094,0.9786,0.0119,0.0006,0.9817,0.0005,0.0173
2225,0.994,0.9998,0.0048,0.9839,0.0113,0.0005,0.0071,0.0004,0.992
2226,0.9986,0.0005,0.0127,0.9778,0.0094,0.0061,0.0069,0.0017,0.9854
2227,0.9937,0.9998,0.2635,0.709,0.0275,0.0121,0.9802,0.0008,0.0069
2228,0.9975,0.0005,0.9311,0.0615,0.0074,0.0059,0.9752,0.0016,0.0173
2229,0.9926,0.9998,0.0068,0.9886,0.0046,0.0006,0.0083,0.0005,0.9907
2230,0.9971,0.9996,0.034,0.9558,0.0102,0.0198,0.2306,0.0021,0.7476
2231,0.9913,0.9999,0.0243,0.9198,0.0559,0.3652,0.453,0.0024,0.1795
2232,0.9754,0.9998,0.1041,0.4051,0.4908,0.7238,0.0084,0.003,0.2649
2233,0.9988,0.0004,0.0131,0.978,0.0088,0.0044,0.0064,0.0018,0.9873
2234,0.9811,0.9999,0.1345,0.739,0.1265,0.007,0.0032,0.0005,0.9893
2235,0.9901,0.9998,0.0653,0.7347,0.2,0.0014,0.2521,0.0011,0.7453
2236,0.9948,0.9998,0.0161,0.98,0.0039,0.0052,0.0189,0.001,0.9749
2237,0.9681,0.9996,0.0066,0.9906,0.0028,0.0132,0.2344,0.0025,0.75
2238,0.99,0.9998,0.2276,0.7267,0.0456,0.0033,0.9879,0.0006,0.0082
2239,0.9449,0.9998,0.006,0.9891,0.0049,0.0017,0.0539,0.0013,0.943
2240,0.0587,0.9998,0.0695,0.7395,0.191,0.0014,0.0221,0.0009,0.9756
2241,0.9952,0.9999,0.0987,0.7001,0.2012,0.1667,0.4086,0.0043,0.4204
2243,0.2119,0.9999,0.007,0.9891,0.0039,0.001,0.9422,0.0009,0.0559
2244,0.9354,0.9998,0.0275,0.7458,0.2268,0.0018,0.3284,0.0014,0.6685
2245,0.9933,0.0012,0.0498,0.9113,0.0389,0.001,0.0249,0.0017,0.9724
2246,0.9973,0.9997,0.0337,0.9533,0.013,0.0111,0.3169,0.0013,0.6707
2247,0.9956,0.9999,0.013,0.9799,0.0071,0.0007,0.0121,0.0007,0.9865
2248,0.9867,0.9999,0.0231,0.5925,0.3845,0.0009,0.0145,0.0007,0.9838
2249,0.969,0.9998,0.0184,0.7418,0.2398,0.0038,0.4968,0.0024,0.497
2250,0.9883,0.9998,0.0089,0.9793,0.0117,0.0007,0.016,0.0006,0.9827
2251,0.9914,0.0053,0.1853,0.7146,0.1001,0.0373,0.0176,0.0039,0.9411
2252,0.9874,0.9997,0.7491,0.1746,0.0764,0.0134,0.0195,0.0013,0.9659
2253,0.9251,0.9998,0.0079,0.7387,0.2534,0.0008,0.0128,0.0007,0.9857
2254,0.0389,0.9998,0.0149,0.9613,0.0239,0.001,0.0181,0.0008,0.9801
2255,0.9881,0.9998,0.0085,0.9881,0.0034,0.0011,0.0091,0.0006,0.9892
2256,0.9919,0.9999,0.134,0.7169,0.1491,0.4425,0.459,0.0016,0.0969
2257,0.9552,0.9998,0.0097,0.9868,0.0034,0.0027,0.6993,0.0021,0.2959
2258,0.9988,0.0007,0.2526,0.7156,0.0318,0.052,0.1903,0.0086,0.749
2259,0.994,0.9999,0.1116,0.7312,0.1572,0.114,0.4431,0.0026,0.4403
2260,0.9791,0.9998,0.0071,0.9892,0.0037,0.0011,0.0234,0.0009,0.9746
2261,0.993,0.9999,0.018,0.6898,0.2922,0.072,0.677,0.0027,0.2482
2262,0.9835,0.9999,0.0603,0.7396,0.2001,0.0008,0.9777,0.0006,0.0209
2263,0.9837,0.9998,0.0089,0.9847,0.0064,0.0006,0.0134,0.0005,0.9856
2264,0.8978,0.9999,0.0045,0.9926,0.003,0.001,0.944,0.0008,0.0543
2265,0.9776,0.9998,0.0086,0.2706,0.7208,0.0006,0.0144,0.0005,0.9845
2266,0.9928,0.9998,0.0497,0.9406,0.0097,0.0104,0.2803,0.0019,0.7073
2267,0.9884,0.9999,0.1564,0.7058,0.1378,0.476,0.4537,0.0018,0.0685
2268,0.9448,0.9998,0.0051,0.9877,0.0072,0.001,0.9188,0.0009,0.0793
2269,0.987,0.9998,0.0691,0.4311,0.4998,0.7404,0.2042,0.0024,0.0531
2270,0.9989,0.0006,0.0454,0.9464,0.0082,0.0272,0.2506,0.0033,0.7189
2271,0.9967,0.9998,0.0051,0.9803,0.0146,0.0016,0.2542,0.0013,0.7429
2272,0.9697,0.9998,0.0202,0.7286,0.2512,0.0008,0.0151,0.0006,0.9835
2273,0.9946,0.9998,0.0358,0.9343,0.0299,0.2043,0.0522,0.003,0.7405
2274,0.9743,0.9999,0.008,0.9874,0.0047,0.0007,0.0183,0.0006,0.9804
2275,0.9881,0.9999,0.0937,0.4128,0.4934,0.7335,0.0017,0.0041,0.2607
2276,0.99,0.9999,0.012,0.9745,0.0135,0.0006,0.0081,0.0005,0.9908
2277,0.9946,0.9998,0.204,0.7246,0.0713,0.0007,0.0157,0.0005,0.9831
2278,0.9953,0.0008,0.0269,0.9611,0.012,0.0133,0.0127,0.0045,0.9696
2279,0.9913,0.9999,0.0896,0.162,0.7484,0.7445,0.0025,0.0039,0.249
2280,0.9979,0.0008,0.0177,0.9662,0.0161,0.0013,0.0145,0.0016,0.9826
2281,0.9985,0.0005,0.0054,0.9895,0.0051,0.0009,0.0075,0.0011,0.9905
2282,0.9794,0.9999,0.0048,0.992,0.0032,0.0007,0.0104,0.0006,0.9883
2283,0.9091,0.9999,0.009,0.0142,0.9768,0.7187,0.0031,0.015,0.2631
2284,0.9977,0.9998,0.1403,0.7367,0.123,0.0067,0.9847,0.0007,0.0079
2285,0.9982,0.9998,0.1931,0.7475,0.0594,0.0088,0.9821,0.0009,0.0082
2286,0.9546,0.9998,0.0039,0.9901,0.006,0.0027,0.7465,0.0021,0.2487
2287,0.9905,0.9998,0.0248,0.9406,0.0346,0.001,0.0128,0.0008,0.9855
2288,0.9938,0.9999,0.2696,0.2806,0.4498,0.7033,0.2076,0.0019,0.0872
2289,0.9918,0.9997,0.03,0.9435,0.0266,0.0077,0.9862,0.0005,0.0056
2290,0.8942,0.9996,0.0365,0.2155,0.7479,0.9784,0.0016,0.002,0.018
2291,0.9952,0.9999,0.0495,0.9231,0.0274,0.1065,0.7489,0.0038,0.1408
2292,0.9868,0.9999,0.0115,0.9819,0.0066,0.0009,0.0155,0.0007,0.9829
2293,0.9681,0.9999,0.1919,0.0623,0.7459,0.259,0.0015,0.003,0.7365
2294,0.9987,0.0004,0.2473,0.7299,0.0228,0.004,0.9785,0.001,0.0165
2295,0.985,0.9998,0.097,0.7164,0.1866,0.7341,0.054,0.0083,0.2036
2296,0.9916,0.9999,0.0338,0.0206,0.9456,0.9559,0.0331,0.0009,0.0102
2297,0.9979,0.9999,0.0124,0.9837,0.0039,0.0005,0.0072,0.0004,0.9918
2298,0.9604,0.9998,0.011,0.984,0.005,0.001,0.017,0.0008,0.9812
2299,0.9942,0.9999,0.014,0.0125,0.9736,0.9663,0.022,0.0009,0.0108
2300,0.9629,0.9998,0.0078,0.9879,0.0043,0.0044,0.2513,0.0023,0.7419
2301,0.964,0.9998,0.0187,0.7466,0.2347,0.0008,0.0065,0.0005,0.9923
2302,0.9902,0.9999,0.0059,0.9639,0.0302,0.0009,0.015,0.0007,0.9834
2303,0.9943,0.9998,0.0063,0.9891,0.0046,0.0006,0.0078,0.0005,0.9912
2304,0.9889,0.9998,0.4586,0.4832,0.0583,0.014,0.0106,0.0009,0.9745
2305,0.9974,0.0006,0.7279,0.2263,0.0458,0.0011,0.9853,0.001,0.0126
2307,0.9984,0.0004,0.0046,0.9922,0.0032,0.0008,0.0084,0.0009,0.9898
2308,0.9977,0.0005,0.0097,0.9842,0.0061,0.001,0.008,0.0012,0.9898
2309,0.9953,0.9998,0.0067,0.9898,0.0035,0.0006,0.0093,0.0005,0.9896
2310,0.9876,0.9998,0.012,0.9822,0.0058,0.001,0.0143,0.0008,0.9838
2311,0.999,0.0004,0.239,0.7467,0.0142,0.0393,0.7429,0.0051,0.2127
2312,0.1003,0.9998,0.0075,0.9847,0.0077,0.0021,0.2586,0.0016,0.7377
2313,0.9827,0.9999,0.0095,0.9848,0.0057,0.0005,0.0059,0.0004,0.9932
2314,0.9919,0.9996,0.0315,0.9512,0.0173,0.0115,0.98,0.0007,0.0078
2315,0.0348,0.9998,0.014,0.9809,0.0052,0.0016,0.043,0.0012,0.9541
2316,0.9799,0.9999,0.0052,0.9923,0.0025,0.0025,0.7132,0.002,0.2822
2317,0.985,0.9999,0.01,0.9813,0.0088,0.002,0.2999,0.0017,0.6964
2318,0.9967,0.9998,0.0091,0.9848,0.0061,0.0006,0.0037,0.0004,0.9954
2319,0.9835,0.9999,0.0132,0.9755,0.0113,0.0171,0.2306,0.0031,0.7492
2320,0.9809,0.9998,0.2008,0.4752,0.324,0.7435,0.1268,0.0015,0.1282
2321,0.9862,0.9998,0.0134,0.9769,0.0096,0.0009,0.0145,0.0007,0.9838
2322,0.9924,0.9999,0.2289,0.0669,0.7042,0.9329,0.0496,0.0009,0.0166
2323,0.9967,0.9998,0.0111,0.982,0.007,0.0015,0.0102,0.0005,0.9878
2324,0.992,0.9998,0.0067,0.99,0.0033,0.0007,0.0088,0.0005,0.99
2325,0.9902,0.9998,0.0373,0.719,0.2437,0.0054,0.0258,0.0022,0.9666
2326,0.9969,0.9998,0.0114,0.9812,0.0074,0.0016,0.2658,0.0013,0.7312
2327,0.9871,0.9998,0.012,0.7114,0.2766,0.0029,0.3446,0.0023,0.6503
2328,0.9942,0.9998,0.0107,0.9786,0.0107,0.0009,0.0161,0.0007,0.9822
2329,0.9794,0.9991,0.03,0.0741,0.8959,0.0179,0.0308,0.002,0.9494
2330,0.9924,0.9998,0.0116,0.9813,0.0071,0.0017,0.0106,0.0005,0.9872
2331,0.9948,0.9999,0.0061,0.9909,0.0031,0.0006,0.0072,0.0005,0.9917
2332,0.9758,0.9999,0.0072,0.9891,0.0037,0.0022,0.7208,0.0019,0.2751
2333,0.9069,0.9998,0.0079,0.988,0.0041,0.0011,0.0302,0.0009,0.9678
2334,0.9937,0.9999,0.1737,0.719,0.1073,0.0054,0.9845,0.0005,0.0097
2335,0.9944,0.9999,0.0083,0.9867,0.0049,0.0006,0.0153,0.0005,0.9835
2336,0.9941,0.9999,0.0148,0.9732,0.012,0.0005,0.0072,0.0004,0.9918
2337,0.9883,0.0183,0.033,0.9472,0.0197,0.1511,0.0918,0.0172,0.74
2338,0.9746,0.9999,0.0065,0.9783,0.0152,0.0017,0.2533,0.0014,0.7436
2339,0.9673,0.9998,0.0189,0.9758,0.0053,0.0022,0.2509,0.0018,0.7451
2340,0.9936,0.9999,0.0112,0.9807,0.0081,0.0007,0.0094,0.0005,0.9894
2341,0.9864,0.9999,0.006,0.9915,0.0025,0.003,0.0082,0.0006,0.9883
2342,0.9896,0.9998,0.0179,0.9673,0.0148,0.0017,0.0763,0.001,0.921
2343,0.9951,0.9999,0.0086,0.987,0.0044,0.0005,0.0047,0.0004,0.9944
2344,0.994,0.9998,0.4998,0.4293,0.0709,0.016,0.9558,0.0008,0.0274
2345,0.9964,0.9998,0.041,0.7172,0.2418,0.0012,0.7472,0.001,0.2505
2346,0.9987,0.0006,0.2083,0.7465,0.0453,0.0674,0.7399,0.0032,0.1894
2347,0.9901,0.9999,0.043,0.9185,0.0385,0.0046,0.004,0.0004,0.9911
2348,0.9899,0.9998,0.0405,0.9391,0.0204,0.009,0.9827,0.0007,0.0076
2349,0.9107,0.9998,0.0285,0.2523,0.7192,0.0007,0.0092,0.0006,0.9894
2350,0.9944,0.9998,0.2064,0.748,0.0456,0.0005,0.0118,0.0004,0.9872
2351,0.9992,0.0004,0.0143,0.9802,0.0054,0.0131,0.006,0.0017,0.9793
2352,0.96,0.9998,0.0046,0.9917,0.0037,0.0039,0.2621,0.0021,0.7319
2353,0.987,0.9998,0.0086,0.9872,0.0042,0.0005,0.0065,0.0004,0.9926
2354,0.9903,0.9999,0.2214,0.748,0.0305,0.0037,0.0016,0.0003,0.9944
2355,0.9974,0.9999,0.0598,0.7182,0.222,0.0009,0.9738,0.0007,0.0245
2356,0.9961,0.9998,0.0062,0.9894,0.0043,0.0005,0.0065,0.0004,0.9926
2357,0.9919,0.9999,0.0118,0.7428,0.2453,0.0007,0.0116,0.0005,0.9871
2358,0.9969,0.9996,0.7329,0.208,0.0591,0.2706,0.4994,0.0053,0.2247
2359,0.9928,0.9999,0.0076,0.9762,0.0162,0.0009,0.0244,0.0008,0.974
2360,0.9958,0.9998,0.0167,0.2492,0.7341,0.0023,0.7232,0.0019,0.2726
2361,0.9453,0.9998,0.0097,0.9833,0.007,0.0019,0.0366,0.0011,0.9604
2362,0.9964,0.9998,0.7369,0.1687,0.0944,0.0044,0.9834,0.0006,0.0116
2363,0.9943,0.9999,0.3196,0.4922,0.1882,0.2229,0.3958,0.0031,0.3782
2364,0.995,0.9998,0.0057,0.9916,0.0027,0.0008,0.0115,0.0006,0.987
2365,0.9854,0.9998,0.0306,0.9605,0.0088,0.0045,0.0053,0.0005,0.9896
2366,0.9953,0.9998,0.011,0.9832,0.0058,0.001,0.0141,0.0006,0.9843
2367,0.9985,0.0005,0.0348,0.9581,0.007,0.0204,0.0286,0.0032,0.9479
2368,0.9911,0.9999,0.0092,0.9848,0.006,0.0007,0.0092,0.0006,0.9896
2369,0.9836,0.9998,0.0469,0.9202,0.0329,0.02,0.9334,0.0013,0.0453
2370,0.9911,0.9998,0.008,0.9878,0.0042,0.0009,0.0193,0.0007,0.9791
2371,0.9844,0.9999,0.0057,0.9919,0.0024,0.001,0.0169,0.0007,0.9814
2372,0.9826,0.9999,0.1951,0.707,0.0979,0.0157,0.0077,0.0007,0.9759
2373,0.9967,0.9999,0.056,0.0327,0.9114,0.934,0.0558,0.001,0.0092
2374,0.9835,0.9998,0.0193,0.9733,0.0074,0.0021,0.6454,0.0017,0.3508
2375,0.0438,0.9998,0.0139,0.9794,0.0068,0.0008,0.0152,0.0007,0.9833
2376,0.979,0.9999,0.0067,0.9773,0.016,0.0009,0.0106,0.0007,0.9879
2377,0.993,0.9999,0.0119,0.9815,0.0066,0.0011,0.254,0.0009,0.744
2378,0.9948,0.9999,0.1965,0.7222,0.0813,0.0073,0.0049,0.001,0.9868
2379,0.9874,0.9999,0.1684,0.7215,0.1101,0.0256,0.0039,0.0006,0.9699
2380,0.9861,0.9999,0.0065,0.9894,0.0042,0.0012,0.0112,0.0007,0.9869
2381,0.9968,0.9976,0.0755,0.1847,0.7397,0.7491,0.0195,0.0059,0.2254
2382,0.9961,0.9999,0.1165,0.7434,0.1402,0.0241,0.9712,0.0006,0.0041
2383,0.9885,0.9997,0.0143,0.9734,0.0123,0.001,0.9422,0.0007,0.0561
2384,0.997,0.9998,0.0143,0.9824,0.0033,0.0005,0.0047,0.0004,0.9943
2385,0.9939,0.9998,0.0324,0.7282,0.2394,0.0011,0.9692,0.0009,0.0287
2386,0.9984,0.0005,0.0177,0.9737,0.0086,0.001,0.01,0.001,0.988
2387,0.9797,0.9979,0.0953,0.7458,0.1589,0.4977,0.0267,0.0099,0.4657
2388,0.9511,0.9998,0.0074,0.9893,0.0033,0.001,0.019,0.0008,0.9793
2389,0.9971,0.9998,0.0944,0.1589,0.7468,0.7325,0.1921,0.0018,0.0736
2390,0.9969,0.9998,0.0324,0.7457,0.2219,0.0019,0.2507,0.0016,0.7458
2391,0.9817,0.9999,0.0091,0.9877,0.0032,0.0031,0.2503,0.0026,0.7441
2392,0.2471,0.9999,0.008,0.9879,0.0041,0.0009,0.9524,0.0007,0.046
2393,0.9963,0.9999,0.0129,0.9826,0.0045,0.0007,0.0076,0.0005,0.9913
2394,0.9932,0.9998,0.0128,0.9743,0.0129,0.0005,0.9826,0.0004,0.0165
2395,0.9897,0.9993,0.1888,0.3163,0.4949,0.4734,0.3189,0.0053,0.2024
2396,0.9747,0.9998,0.1374,0.7478,0.1148,0.0334,0.7081,0.0022,0.2563
2397,0.9703,0.9999,0.0141,0.7472,0.2387,0.0012,0.0065,0.0006,0.9917
2398,0.9963,0.9999,0.1904,0.3151,0.4945,0.4718,0.4958,0.0026,0.0298
2399,0.996,0.9997,0.9427,0.0447,0.0126,0.0153,0.0254,0.0016,0.9577
2400,0.9793,0.9998,0.006,0.98,0.014,0.0007,0.0129,0.0006,0.9857
2401,0.0462,0.9998,0.0117,0.9782,0.0102,0.0015,0.0152,0.0008,0.9825
2402,0.9992,0.0005,0.2358,0.7461,0.0181,0.0104,0.2657,0.0025,0.7214
2403,0.9918,0.9999,0.0076,0.9865,0.0059,0.0005,0.0103,0.0004,0.9888
2404,0.9959,0.9999,0.0061,0.9907,0.0032,0.0006,0.0061,0.0005,0.9929
2405,0.9652,0.9998,0.024,0.9712,0.0048,0.0023,0.2545,0.0019,0.7414
2406,0.9993,0.0004,0.0092,0.9874,0.0035,0.0024,0.0043,0.0012,0.9921
2407,0.9956,0.9999,0.0133,0.023,0.9637,0.7369,0.218,0.0013,0.0438
2408,0.9991,0.0004,0.0223,0.9698,0.0079,0.01,0.0044,0.0021,0.9835
2409,0.9808,0.9998,0.0071,0.9884,0.0045,0.0008,0.0143,0.0006,0.9843
2410,0.9966,0.9998,0.1992,0.0705,0.7303,0.7463,0.1844,0.0026,0.0668
2411,0.9722,0.9997,0.016,0.9651,0.0188,0.0033,0.2695,0.0023,0.7249
2412,0.9907,0.9999,0.017,0.7279,0.2551,0.002,0.6977,0.0016,0.2987
2413,0.9986,0.001,0.0437,0.9336,0.0227,0.0037,0.0137,0.0013,0.9813
2414,0.9828,0.9999,0.0759,0.7469,0.1771,0.2414,0.2976,0.006,0.455
2415,0.9891,0.9999,0.0403,0.9373,0.0224,0.0068,0.9821,0.0007,0.0105
2416,0.0064,0.9996,0.0091,0.0048,0.9861,0.9948,0.0011,0.0015,0.0027
2417,0.9821,0.9999,0.0051,0.9916,0.0033,0.0012,0.013,0.0006,0.9852
2418,0.9925,0.9998,0.0062,0.9881,0.0057,0.0027,0.0213,0.002,0.9741
2419,0.978,0.9998,0.0267,0.9524,0.0209,0.0009,0.0115,0.0007,0.9869
2420,0.9953,0.9998,0.7486,0.2157,0.0357,0.0518,0.2482,0.0034,0.6966
2421,0.0655,0.9998,0.0084,0.9873,0.0043,0.001,0.0262,0.0008,0.972
2422,0.9938,0.9998,0.0084,0.9844,0.0072,0.0006,0.009,0.0005,0.9899
2423,0.9886,0.9999,0.0316,0.0374,0.931,0.7405,0.103,0.0021,0.1545
2424,0.9732,0.9998,0.0113,0.9854,0.0033,0.0032,0.2516,0.0018,0.7435
2425,0.9804,0.9999,0.0256,0.0228,0.9516,0.9561,0.0177,0.002,0.0241
2426,0.9852,0.9998,0.1163,0.749,0.1346,0.1732,0.0915,0.0037,0.7316
2427,0.9978,0.0015,0.3847,0.4838,0.1315,0.0027,0.2598,0.0056,0.732
2429,0.9977,0.9998,0.2405,0.74,0.0195,0.0104,0.9699,0.0007,0.019
2430,0.9875,0.9997,0.0951,0.7464,0.1585,0.2895,0.0184,0.0112,0.6809
2431,0.9875,0.9998,0.0089,0.9862,0.0049,0.002,0.7266,0.0016,0.2698
2432,0.943,0.9999,0.0188,0.9385,0.0427,0.0008,0.0172,0.0007,0.9814
2433,0.9836,0.9998,0.0094,0.9865,0.004,0.0009,0.015,0.0007,0.9834
2434,0.9937,0.9999,0.0193,0.9698,0.0108,0.0008,0.0074,0.0005,0.9913
2435,0.9722,0.9998,0.008,0.9857,0.0063,0.084,0.1735,0.005,0.7375
2436,0.9969,0.0011,0.026,0.9552,0.0188,0.0016,0.0166,0.0017,0.9801
2437,0.992,0.9998,0.0104,0.983,0.0067,0.0011,0.0214,0.0008,0.9767
2438,0.9955,0.0012,0.1223,0.7402,0.1375,0.0401,0.4526,0.0075,0.4998
2439,0.9855,0.9999,0.0091,0.9819,0.009,0.0009,0.0269,0.0008,0.9714
2440,0.9981,0.9998,0.0084,0.988,0.0036,0.0007,0.0091,0.0006,0.9896
2441,0.9667,0.9998,0.1234,0.7277,0.1489,0.0382,0.941,0.0013,0.0195
2442,0.9913,0.9998,0.0059,0.9891,0.005,0.0005,0.0071,0.0004,0.9919
2443,0.997,0.9998,0.2327,0.7186,0.0487,0.0091,0.0069,0.0006,0.9834
2444,0.9852,0.0219,0.0051,0.9838,0.0112,0.01,0.2388,0.0048,0.7465
2445,0.9775,0.9998,0.0363,0.7484,0.2152,0.0008,0.0138,0.0007,0.9847
2446,0.0356,0.9998,0.0072,0.9865,0.0063,0.0015,0.0163,0.0008,0.9814
2447,0.9983,0.0012,0.0285,0.9595,0.012,0.0066,0.0061,0.0013,0.986
2448,0.9916,0.9999,0.0681,0.1844,0.7474,0.7248,0.246,0.0019,0.0273
2449,0.998,0.9999,0.0407,0.9345,0.0248,0.0259,0.7484,0.0021,0.2236
2450,0.9881,0.9998,0.0263,0.7472,0.2266,0.0028,0.2615,0.0023,0.7334
2451,0.9931,0.9999,0.2177,0.7406,0.0417,0.0324,0.495,0.0015,0.4711
2452,0.9932,0.9997,0.0062,0.9858,0.008,0.002,0.2844,0.0017,0.7119
2453,0.9863,0.9998,0.0478,0.2114,0.7409,0.982,0.0006,0.004,0.0133
2454,0.9932,0.9999,0.3236,0.178,0.4984,0.055,0.7481,0.0025,0.1944
2455,0.9845,0.9999,0.007,0.9566,0.0364,0.0009,0.0122,0.0008,0.9861
2456,0.9932,0.9999,0.0076,0.9691,0.0233,0.0006,0.0074,0.0005,0.9914
2457,0.9892,0.9999,0.0068,0.9901,0.0031,0.0007,0.0102,0.0006,0.9885
2458,0.9932,0.9999,0.1646,0.7125,0.1228,0.0008,0.9702,0.0006,0.0284
2459,0.9984,0.0008,0.2174,0.7491,0.0334,0.0179,0.4615,0.0034,0.5173
2460,0.9967,0.0005,0.7479,0.2309,0.0212,0.0016,0.9609,0.0014,0.0361
2461,0.9903,0.9999,0.0115,0.9834,0.005,0.001,0.0101,0.0005,0.9885
2462,0.9918,0.9999,0.0099,0.9856,0.0045,0.0006,0.008,0.0005,0.9909
2463,0.9988,0.0004,0.0226,0.9718,0.0057,0.0062,0.0061,0.0022,0.9855
2464,0.9983,0.0007,0.2465,0.7244,0.0291,0.0169,0.7487,0.0024,0.232
2465,0.994,0.9999,0.7431,0.2003,0.0566,0.0264,0.0293,0.0021,0.9422
2466,0.9829,0.9998,0.0542,0.448,0.4978,0.7463,0.0108,0.0043,0.2387
2467,0.9941,0.9998,0.1323,0.121,0.7468,0.7474,0.1272,0.002,0.1234
2468,0.9936,0.9999,0.0054,0.9898,0.0049,0.0005,0.0075,0.0004,0.9915
2469,0.9957,0.9999,0.2573,0.2791,0.4637,0.4752,0.2962,0.0042,0.2244
2470,0.9945,0.9998,0.0176,0.9694,0.013,0.0007,0.0125,0.0005,0.9863
2471,0.9925,0.9999,0.3506,0.1539,0.4955,0.4753,0.2297,0.0067,0.2882
2472,0.9878,0.9998,0.0126,0.9809,0.0065,0.0006,0.0102,0.0005,0.9888
2473,0.9946,0.9998,0.1856,0.7458,0.0686,0.007,0.0045,0.0004,0.9881
2474,0.9872,0.9998,0.0581,0.7004,0.2415,0.004,0.7371,0.0024,0.2565
2475,0.9864,0.9999,0.0076,0.9843,0.0081,0.0007,0.0149,0.0006,0.9838
2476,0.997,0.9998,0.0133,0.9829,0.0039,0.0007,0.0396,0.0005,0.9591
2477,0.9937,0.9999,0.0294,0.2214,0.7491,0.7457,0.1546,0.002,0.0977
2478,0.9869,0.9999,0.005,0.9916,0.0034,0.0028,0.2483,0.0022,0.7467
2479,0.0344,0.9998,0.0115,0.983,0.0056,0.0012,0.0385,0.0009,0.9593
2480,0.9948,0.9999,0.0382,0.745,0.2168,0.1967,0.4487,0.0033,0.3513
2481,0.9973,0.9998,0.0459,0.9335,0.0206,0.0772,0.7483,0.002,0.1725
2482,0.9988,0.0005,0.0156,0.9759,0.0084,0.0059,0.0035,0.0011,0.9895
2483,0.9805,0.9999,0.0087,0.9881,0.0032,0.002,0.2544,0.0013,0.7422
2484,0.988,0.9999,0.0077,0.9857,0.0066,0.0007,0.0109,0.0005,0.9879
2485,0.9993,0.0009,0.041,0.9479,0.0111,0.0234,0.7061,0.004,0.2665
2486,0.9988,0.0005,0.0181,0.9695,0.0123,0.0009,0.0071,0.001,0.9911
2487,0.9974,0.0004,0.0061,0.9923,0.0016,0.0018,0.0078,0.0015,0.989
2488,0.9878,0.9998,0.0082,0.985,0.0068,0.0007,0.0098,0.0005,0.989
2489,0.971,0.9999,0.0213,0.2764,0.7023,0.0006,0.0116,0.0005,0.9872
2490,0.9725,0.9999,0.0055,0.992,0.0025,0.0028,0.2581,0.0015,0.7375
2491,0.9936,0.9998,0.2329,0.7399,0.0272,0.0052,0.9856,0.0005,0.0087
2492,0.9918,0.9998,0.1602,0.3576,0.4822,0.4652,0.4887,0.0027,0.0434
2493,0.9972,0.9999,0.2464,0.354,0.3995,0.4685,0.3055,0.0029,0.2231
2494,0.9912,0.9999,0.0408,0.9397,0.0195,0.2184,0.0315,0.0028,0.7474
2495,0.9794,0.9998,0.0041,0.9923,0.0035,0.002,0.2744,0.0017,0.7219
2496,0.9992,0.0007,0.024,0.9715,0.0045,0.0157,0.2237,0.0118,0.7487
2497,0.9919,0.9999,0.2518,0.709,0.0392,0.1802,0.0986,0.0024,0.7188
2498,0.9941,0.9999,0.0037,0.9945,0.0018,0.0006,0.0067,0.0005,0.9923
2499,0.9974,0.0006,0.0171,0.9792,0.0037,0.0017,0.0192,0.0024,0.9768
2500,0.9973,0.9999,0.0119,0.9823,0.0059,0.0007,0.0108,0.0006,0.988
2501,0.9543,0.9998,0.0067,0.9872,0.0061,0.001,0.0129,0.0008,0.9854
2502,0.9711,0.9998,0.0052,0.9911,0.0037,0.001,0.0269,0.0008,0.9713
2503,0.9577,0.9999,0.4557,0.1713,0.373,0.0554,0.001,0.0023,0.9413
2504,0.9934,0.9998,0.0169,0.9758,0.0073,0.0013,0.0163,0.0006,0.9819
2505,0.9954,0.9998,0.0132,0.9812,0.0056,0.0006,0.0188,0.0005,0.9802
2506,0.9981,0.0008,0.0189,0.9747,0.0063,0.0013,0.0133,0.001,0.9844
2507,0.9713,0.9999,0.1617,0.0883,0.75,0.745,0.0016,0.0033,0.2501
2508,0.9946,0.9999,0.2265,0.4831,0.2904,0.0479,0.432,0.0025,0.5176
2509,0.9869,0.9998,0.0051,0.9905,0.0044,0.0039,0.2899,0.0021,0.7042
2510,0.9915,0.9998,0.0323,0.9226,0.0451,0.0148,0.0149,0.0009,0.9695
2511,0.0458,0.9998,0.0159,0.9631,0.021,0.0009,0.0168,0.0007,0.9816
2512,0.9827,0.9999,0.0076,0.9895,0.003,0.0022,0.7266,0.0019,0.2693
2513,0.9869,0.9999,0.0066,0.9888,0.0046,0.0013,0.0171,0.0007,0.9809
2514,0.9964,0.9999,0.0464,0.2228,0.7307,0.4947,0.0033,0.0091,0.4929
2515,0.9986,0.9996,0.0447,0.9397,0.0156,0.0172,0.7063,0.0019,0.2746
2516,0.9949,0.9999,0.3266,0.4551,0.2183,0.1855,0.7475,0.0036,0.0633
2517,0.9977,0.9999,0.0081,0.9883,0.0037,0.0005,0.0071,0.0004,0.992
2518,0.9925,0.9998,0.1846,0.7487,0.0667,0.0106,0.9583,0.0009,0.0303
2519,0.9935,0.9999,0.0662,0.4445,0.4893,0.4728,0.2974,0.0034,0.2264
2520,0.9691,0.9998,0.0169,0.9786,0.0044,0.002,0.7456,0.0017,0.2508
2521,0.9817,0.9997,0.009,0.9847,0.0063,0.0108,0.2535,0.0021,0.7337
2522,0.9984,0.0005,0.0066,0.9906,0.0028,0.0063,0.2944,0.0077,0.6916
2523,0.9981,0.9997,0.0058,0.9696,0.0246,0.0229,0.7179,0.0036,0.2557
2524,0.9848,0.9998,0.0277,0.9578,0.0145,0.0041,0.0099,0.0006,0.9854
2525,0.9979,0.9999,0.0286,0.9577,0.0137,0.0007,0.0068,0.0005,0.992
2526,0.9956,0.9998,0.0108,0.9852,0.004,0.0007,0.01,0.0005,0.9889
2527,0.9863,0.9998,0.3236,0.1949,0.4815,0.7466,0.0509,0.0167,0.1858
2528,0.9925,0.9999,0.12,0.742,0.138,0.4251,0.484,0.0022,0.0886
2529,0.9812,0.9998,0.2521,0.4622,0.2857,0.7496,0.0397,0.0036,0.2071
2530,0.9885,0.9999,0.006,0.9915,0.0025,0.0009,0.9661,0.0007,0.0323
2531,0.9932,0.9999,0.1793,0.7487,0.072,0.0177,0.9749,0.0005,0.0069
2532,0.9924,0.9998,0.0076,0.9854,0.007,0.001,0.0067,0.0005,0.9919
2533,0.9917,0.9999,0.0108,0.9805,0.0087,0.0005,0.0063,0.0004,0.9928
2534,0.9526,0.9999,0.0388,0.23,0.7312,0.2472,0.0017,0.0035,0.7475
2535,0.987,0.9998,0.0053,0.9899,0.0049,0.0008,0.0303,0.0006,0.9683
2536,0.9905,0.9994,0.0175,0.9729,0.0096,0.0016,0.2495,0.0008,0.7481
2537,0.9978,0.002,0.4951,0.3418,0.1631,0.2201,0.0645,0.0058,0.7096
2538,0.9915,0.9999,0.0224,0.0204,0.9572,0.9652,0.0225,0.0008,0.0115
2539,0.9978,0.0005,0.2734,0.7093,0.0172,0.0019,0.7035,0.0038,0.2908
2540,0.9848,0.9999,0.0059,0.986,0.0081,0.0008,0.0255,0.0007,0.9731
2541,0.9919,0.9998,0.0081,0.9789,0.0129,0.0005,0.0077,0.0004,0.9913
2542,0.9977,0.9999,0.0034,0.9813,0.0153,0.0005,0.0045,0.0004,0.9946
2543,0.9745,0.9997,0.008,0.9707,0.0213,0.006,0.7486,0.0028,0.2426
2544,0.9981,0.0005,0.0122,0.9826,0.0052,0.0011,0.0139,0.0014,0.9836
2545,0.9927,0.9999,0.2134,0.0386,0.748,0.7176,0.1667,0.0183,0.0974
2546,0.9915,0.9999,0.0463,0.7451,0.2086,0.0006,0.9796,0.0005,0.0193
2547,0.9803,0.9998,0.0114,0.9608,0.0278,0.0008,0.0077,0.0006,0.9909
2548,0.9764,0.9998,0.0622,0.4459,0.4919,0.0013,0.0215,0.0009,0.9764
2549,0.9978,0.0004,0.9629,0.0288,0.0083,0.0039,0.9844,0.0012,0.0106
2550,0.9953,0.9999,0.0101,0.0293,0.9605,0.9896,0.0006,0.0014,0.0084
2551,0.9992,0.0004,0.0126,0.9822,0.0052,0.0028,0.0096,0.0011,0.9865
2552,0.9935,0.9999,0.1833,0.0692,0.7475,0.9513,0.0302,0.001,0.0175
2553,0.9938,0.9999,0.0049,0.985,0.0101,0.0007,0.0128,0.0006,0.986
2554,0.1618,0.9999,0.0123,0.9755,0.0122,0.0019,0.6657,0.0016,0.3309
2555,0.9943,0.9999,0.1027,0.1565,0.7408,0.9321,0.0503,0.0016,0.0161
2556,0.9152,0.996,0.0583,0.7483,0.1934,0.6691,0.0163,0.0033,0.3113
2557,0.9983,0.9998,0.065,0.9194,0.0156,0.0045,0.979,0.0006,0.0159
2558,0.037,0.9994,0.0069,0.0316,0.9615,0.9629,0.002,0.0028,0.0323
2559,0.9544,0.9998,0.0964,0.4913,0.4123,0.3109,0.0113,0.0038,0.674
2560,0.9836,0.9999,0.0597,0.7362,0.2041,0.2977,0.2116,0.0027,0.488
2561,0.9914,0.9997,0.1646,0.3814,0.454,0.7477,0.1067,0.0018,0.1438
2562,0.9993,0.0005,0.0149,0.9805,0.0045,0.0066,0.0072,0.0017,0.9845
2563,0.9821,0.9998,0.0147,0.7026,0.2828,0.0008,0.0165,0.0007,0.982
2564,0.9921,0.9999,0.0065,0.9883,0.0052,0.0006,0.008,0.0005,0.991
2565,0.9877,0.9999,0.3113,0.1977,0.491,0.7406,0.0028,0.0152,0.2414
2566,0.9842,0.9999,0.1468,0.3674,0.4858,0.3109,0.022,0.0037,0.6634
2567,0.9663,0.9998,0.0074,0.9889,0.0037,0.0011,0.0207,0.0009,0.9772
2568,0.9967,0.9998,0.0088,0.986,0.0052,0.001,0.01,0.0005,0.9885
2569,0.9943,0.9999,0.0238,0.0306,0.9456,0.9584,0.0245,0.001,0.016
2570,0.9971,0.9999,0.01,0.9859,0.0042,0.0005,0.0067,0.0004,0.9924
2571,0.9849,0.9999,0.0216,0.7284,0.2501,0.0007,0.0097,0.0006,0.989
2572,0.9986,0.0005,0.01,0.986,0.004,0.001,0.008,0.0014,0.9897
2573,0.9597,0.9998,0.0133,0.9752,0.0116,0.0058,0.2767,0.0024,0.7151
2574,0.0177,0.9998,0.0072,0.0107,0.9821,0.995,0.0004,0.0009,0.0036
2575,0.9707,0.9999,0.0061,0.9911,0.0028,0.0022,0.2557,0.0019,0.7402
2576,0.9898,0.9998,0.0218,0.9677,0.0104,0.0056,0.0734,0.0024,0.9186
2577,0.0148,0.9996,0.0241,0.0064,0.9695,0.9939,0.0009,0.0008,0.0044
2578,0.1531,0.9998,0.0068,0.9908,0.0024,0.0008,0.9663,0.0006,0.0324
2579,0.9894,0.9999,0.0261,0.2301,0.7438,0.7481,0.0015,0.0039,0.2465
2580,0.9913,0.9998,0.0166,0.9711,0.0124,0.0022,0.7464,0.0019,0.2494
2581,0.9758,0.9998,0.0104,0.9844,0.0053,0.0007,0.0124,0.0006,0.9864
2582,0.988,0.9998,0.0114,0.9833,0.0053,0.0008,0.0135,0.0006,0.9851
2583,0.9977,0.0006,0.013,0.9749,0.0121,0.0015,0.0071,0.0014,0.9901
2584,0.9986,0.0006,0.2022,0.7411,0.0567,0.043,0.7443,0.0047,0.208
2585,0.9819,0.9998,0.0085,0.9872,0.0043,0.0025,0.335,0.0019,0.6606
2586,0.9917,0.9999,0.0095,0.9814,0.009,0.0006,0.0103,0.0005,0.9886
2587,0.8801,0.9998,0.0095,0.2502,0.7403,0.0009,0.0144,0.0007,0.984
2588,0.9596,0.9999,0.0348,0.7325,0.2327,0.0009,0.0175,0.0008,0.9808
2589,0.995,0.9998,0.2121,0.0713,0.7166,0.7081,0.2373,0.0018,0.0528
2590,0.989,0.9998,0.0535,0.9185,0.028,0.011,0.9835,0.0005,0.005
2591,0.9924,0.9998,0.008,0.9855,0.0065,0.0006,0.0086,0.0005,0.9903
2592,0.9992,0.0004,0.0098,0.9867,0.0035,0.0032,0.0033,0.0016,0.9919
2593,0.9948,0.9999,0.2258,0.6803,0.0939,0.0748,0.038,0.0016,0.8856
2594,0.9953,0.9999,0.9001,0.0677,0.0322,0.02,0.0242,0.0019,0.954
2595,0.9967,0.9998,0.0087,0.9777,0.0136,0.0012,0.0441,0.0007,0.954
2596,0.9893,0.9998,0.0125,0.2491,0.7384,0.0017,0.2626,0.0015,0.7343
2597,0.9992,0.0004,0.0082,0.9832,0.0086,0.0073,0.0138,0.0024,0.9765
2598,0.9836,0.9998,0.3196,0.4788,0.2016,0.0126,0.9662,0.001,0.0201
2599,0.9856,0.9915,0.0043,0.9854,0.0103,0.0372,0.2056,0.0092,0.748
2600,0.9984,0.0005,0.2499,0.7013,0.0488,0.0148,0.2362,0.0038,0.7452
2601,0.0432,0.9998,0.0072,0.9882,0.0046,0.0019,0.0407,0.0011,0.9563
2602,0.9782,0.9998,0.0067,0.9911,0.0022,0.0014,0.6507,0.0012,0.3467
2603,0.9985,0.0004,0.0159,0.9742,0.0099,0.0064,0.0122,0.0015,0.9799
2604,0.9828,0.9999,0.0901,0.7296,0.1803,0.3111,0.6433,0.0028,0.0427
2605,0.9976,0.9996,0.0529,0.9266,0.0205,0.014,0.2963,0.001,0.6888
2606,0.9657,0.9998,0.0184,0.6896,0.292,0.0009,0.0125,0.0007,0.9858
2607,0.9991,0.0006,0.009,0.9862,0.0048,0.0048,0.0064,0.0017,0.9871
2608,0.9984,0.0006,0.0144,0.9833,0.0022,0.0009,0.0095,0.0013,0.9883
2609,0.9975,0.9998,0.0059,0.9887,0.0054,0.0008,0.0155,0.0007,0.983
2610,0.9885,0.9997,0.0477,0.9259,0.0264,0.011,0.9827,0.0006,0.0057
2611,0.9963,0.0015,0.0203,0.9681,0.0116,0.0026,0.0516,0.0027,0.9431
2612,0.9954,0.9998,0.0207,0.9635,0.0158,0.0007,0.0413,0.0005,0.9576
2613,0.9971,0.0005,0.0204,0.9721,0.0075,0.001,0.0074,0.001,0.9905
2614,0.993,0.9997,0.0534,0.4902,0.4564,0.4433,0.4823,0.0069,0.0675
2615,0.9957,0.9998,0.0039,0.9924,0.0037,0.0006,0.006,0.0005,0.9928
2616,0.992,0.9998,0.0574,0.7329,0.2098,0.0007,0.0069,0.0004,0.992
2617,0.9665,0.9998,0.0536,0.6154,0.331,0.2738,0.0111,0.0112,0.7039
2618,0.9747,0.9998,0.0077,0.743,0.2493,0.0012,0.0131,0.0006,0.9852
2619,0.9976,0.9999,0.6751,0.2964,0.0285,0.0063,0.003,0.0006,0.9901
2620,0.9929,0.9999,0.1553,0.1211,0.7236,0.7339,0.0022,0.0065,0.2574
2621,0.9788,0.9998,0.0072,0.9867,0.0061,0.0024,0.2492,0.0025,0.7459
2622,0.9702,0.9998,0.0097,0.9856,0.0047,0.0016,0.0331,0.001,0.9643
2623,0.0418,0.9998,0.0055,0.9878,0.0067,0.0013,0.009,0.0006,0.9892
2624,0.9935,0.9998,0.0463,0.7375,0.2162,0.0007,0.9686,0.0006,0.0301
2625,0.9782,0.9999,0.0053,0.0277,0.9669,0.7356,0.0018,0.0055,0.2571
2626,0.9395,0.9998,0.0069,0.9892,0.0038,0.0012,0.9384,0.0009,0.0595
2627,0.9839,0.9998,0.0073,0.9854,0.0073,0.0018,0.7495,0.0015,0.2472
2628,0.998,0.9998,0.0081,0.9556,0.0363,0.0033,0.8902,0.0013,0.1051
2629,0.9862,0.9999,0.0419,0.2118,0.7463,0.7131,0.001,0.0018,0.2842
2630,0.992,0.9998,0.0079,0.9844,0.0078,0.0005,0.0057,0.0004,0.9933
2631,0.9845,0.9999,0.0058,0.9916,0.0025,0.0008,0.0118,0.0006,0.9869
2632,0.9898,0.9998,0.4809,0.3673,0.1518,0.0049,0.9851,0.0005,0.0096
2633,0.9576,0.9999,0.0111,0.9813,0.0076,0.0017,0.2747,0.0014,0.7222
2634,0.9849,0.9999,0.0189,0.9719,0.0092,0.0012,0.0303,0.0006,0.9679
2635,0.9893,0.9998,0.0049,0.9904,0.0047,0.0008,0.0122,0.0006,0.9864
2636,0.9966,0.9998,0.0154,0.9782,0.0064,0.0007,0.0126,0.0006,0.9861
2637,0.9983,0.0005,0.4906,0.4954,0.014,0.0017,0.9683,0.0018,0.0282
2638,0.9661,0.9998,0.0434,0.6678,0.2888,0.0014,0.0638,0.0012,0.9336
2639,0.9938,0.9999,0.0074,0.9879,0.0047,0.0007,0.0052,0.0004,0.9938
2640,0.9896,0.9999,0.4288,0.468,0.1032,0.2539,0.4989,0.0052,0.242
2641,0.9648,0.9993,0.1339,0.7009,0.1652,0.0625,0.0271,0.0033,0.9071
2642,0.9982,0.9998,0.232,0.7482,0.0198,0.0051,0.9877,0.0006,0.0067
2643,0.9939,0.9998,0.0111,0.9831,0.0059,0.0007,0.015,0.0006,0.9838
2644,0.9612,0.9999,0.0425,0.4994,0.4581,0.002,0.7486,0.0017,0.2477
2645,0.9947,0.9998,0.007,0.9884,0.0046,0.0018,0.7192,0.0014,0.2776
2646,0.9908,0.9999,0.0154,0.9786,0.006,0.0016,0.005,0.0005,0.9929
2647,0.9971,0.9999,0.1056,0.161,0.7335,0.6786,0.2762,0.0035,0.0416
2648,0.9939,0.9998,0.0442,0.9154,0.0404,0.0312,0.7415,0.0025,0.2247
2649,0.9857,0.9997,0.0355,0.9482,0.0163,0.0042,0.0107,0.0006,0.9845
2650,0.9994,0.0008,0.0363,0.9487,0.015,0.0397,0.7425,0.0052,0.2126
2651,0.9814,0.9999,0.0101,0.9787,0.0113,0.0006,0.0135,0.0005,0.9854
2652,0.995,0.9998,0.039,0.2205,0.7405,0.0029,0.2532,0.0022,0.7416
2653,0.9899,0.9998,0.0139,0.9651,0.021,0.0005,0.0071,0.0004,0.992
2654,0.9966,0.9998,0.0428,0.7469,0.2103,0.0018,0.7472,0.0014,0.2496
2655,0.9816,0.9998,0.0078,0.9872,0.005,0.0012,0.0182,0.0007,0.9799
2656,0.9972,0.9998,0.0147,0.9777,0.0076,0.0007,0.0114,0.0005,0.9873
2657,0.9652,0.9998,0.0094,0.9817,0.0089,0.0024,0.2549,0.0019,0.7408
2658,0.9979,0.0004,0.0117,0.9781,0.0103,0.0091,0.0056,0.0012,0.9841
2659,0.9855,0.9996,0.0407,0.9387,0.0206,0.0145,0.9808,0.0005,0.0042
2660,0.9928,0.9998,0.0566,0.906,0.0374,0.0251,0.7407,0.0014,0.2327
2661,0.9914,0.9999,0.028,0.0359,0.9361,0.9654,0.0194,0.0007,0.0145
2662,0.9904,0.9999,0.0081,0.9885,0.0034,0.0006,0.0109,0.0005,0.988
2663,0.9961,0.9999,0.3668,0.4886,0.1446,0.21,0.4302,0.0041,0.3557
2664,0.983,0.9999,0.0424,0.4984,0.4592,0.0037,0.2624,0.0029,0.731
2665,0.996,0.9998,0.2692,0.4995,0.2314,0.0527,0.7444,0.0029,0.2
2666,0.9946,0.9999,0.1516,0.7038,0.1446,0.0138,0.9738,0.0008,0.0116
2667,0.9844,0.9999,0.0354,0.9523,0.0122,0.0044,0.0055,0.0005,0.9897
2668,0.9872,0.9999,0.0373,0.7071,0.2556,0.0006,0.0118,0.0005,0.9871
2669,0.9975,0.9995,0.1865,0.7467,0.0668,0.0052,0.0171,0.0007,0.977
2670,0.9769,0.9998,0.0104,0.9852,0.0044,0.001,0.0462,0.0008,0.9519
2671,0.9902,0.9998,0.0079,0.9824,0.0097,0.0005,0.0073,0.0004,0.9917
2672,0.9966,0.9999,0.7061,0.1944,0.0995,0.0065,0.0021,0.0004,0.991
2673,0.9915,0.9999,0.008,0.9868,0.0052,0.0009,0.0063,0.0004,0.9923
2674,0.9988,0.0005,0.2444,0.7475,0.0082,0.0017,0.7183,0.0025,0.2774
2675,0.9859,0.9998,0.0209,0.9515,0.0276,0.0045,0.6447,0.0029,0.3479
2676,0.9816,0.9998,0.0079,0.9887,0.0034,0.0066,0.0141,0.0008,0.9785
2677,0.999,0.0004,0.0147,0.9789,0.0064,0.0032,0.0046,0.0011,0.9911
2678,0.9628,0.9984,0.1225,0.385,0.4925,0.9868,0.0025,0.0023,0.0084
2679,0.0357,0.9998,0.0092,0.9669,0.0239,0.0009,0.0128,0.0007,0.9857
2680,0.9909,0.9998,0.211,0.7477,0.0413,0.0072,0.0048,0.0005,0.9875
2681,0.9961,0.9999,0.724,0.1841,0.092,0.1144,0.1521,0.0062,0.7273
2682,0.9945,0.9998,0.0421,0.7402,0.2176,0.3213,0.4482,0.0027,0.2278
2683,0.9975,0.9998,0.941,0.0509,0.0081,0.0313,0.7073,0.0019,0.2594
2684,0.9928,0.9998,0.0669,0.1886,0.7445,0.7359,0.2466,0.002,0.0156
2685,0.9923,0.9999,0.0176,0.9701,0.0123,0.0006,0.0087,0.0005,0.9902
2686,0.9926,0.9999,0.0221,0.9543,0.0235,0.2125,0.744,0.002,0.0415
2687,0.9939,0.9999,0.2995,0.4829,0.2176,0.173,0.6951,0.0034,0.1286
2688,0.9949,0.9999,0.1271,0.7169,0.156,0.4778,0.3855,0.0074,0.1293
2689,0.0695,0.9998,0.0046,0.9926,0.0028,0.0011,0.0278,0.0009,0.9701
2690,0.9987,0.0004,0.2432,0.7411,0.0157,0.0412,0.1974,0.0122,0.7492
2691,0.8125,0.9999,0.0119,0.9404,0.0477,0.0024,0.2837,0.002,0.7119
2692,0.9986,0.9998,0.0144,0.9815,0.0041,0.0006,0.0103,0.0005,0.9886
2693,0.9992,0.0007,0.0233,0.9666,0.0101,0.0209,0.2206,0.0096,0.749
2694,0.9888,0.9998,0.0057,0.9913,0.003,0.0014,0.3059,0.001,0.6917
2695,0.975,0.9987,0.0322,0.2294,0.7384,0.7267,0.0837,0.0021,0.1875
2696,0.9933,0.9999,0.0088,0.9716,0.0196,0.0005,0.0054,0.0004,0.9936
2697,0.971,0.9999,0.0108,0.0208,0.9683,0.9833,0.0009,0.005,0.0108
2698,0.9856,0.9998,0.0534,0.204,0.7426,0.6564,0.3042,0.0019,0.0374
2699,0.9964,0.9997,0.6091,0.3715,0.0194,0.018,0.0471,0.0015,0.9334
2700,0.9943,0.9998,0.0401,0.9298,0.0301,0.084,0.7028,0.0022,0.2109
2701,0.9938,0.9999,0.0338,0.744,0.2222,0.0011,0.0162,0.0009,0.9818
2702,0.9914,0.9998,0.0054,0.9346,0.06,0.0032,0.0228,0.0012,0.9728
2704,0.9982,0.0006,0.023,0.963,0.0141,0.0008,0.0088,0.0009,0.9895
2705,0.9985,0.0005,0.2414,0.7445,0.0141,0.0129,0.2692,0.0015,0.7165
2706,0.9979,0.0009,0.0141,0.9781,0.0079,0.0011,0.0123,0.0015,0.9851
2707,0.9984,0.0005,0.0211,0.9731,0.0058,0.0008,0.0076,0.0009,0.9907
2708,0.9953,0.9999,0.4526,0.4944,0.053,0.0372,0.4935,0.0017,0.4676
2709,0.998,0.9998,0.0245,0.9089,0.0666,0.0021,0.9483,0.0012,0.0483
2710,0.1056,0.9999,0.0084,0.9829,0.0086,0.0022,0.2784,0.0019,0.7175
2711,0.9701,0.9998,0.0086,0.7392,0.2522,0.004,0.6871,0.0025,0.3064
2712,0.9982,0.0004,0.0111,0.9834,0.0055,0.0055,0.0052,0.001,0.9883
2713,0.0738,0.9998,0.0219,0.9394,0.0386,0.0011,0.0166,0.0008,0.9815
2714,0.9934,0.9998,0.064,0.8994,0.0366,0.0416,0.2123,0.002,0.7441
2715,0.0369,0.9998,0.0039,0.9912,0.0049,0.0009,0.0166,0.0007,0.9818
2716,0.9962,0.9999,0.0082,0.9887,0.0031,0.0017,0.0095,0.0006,0.9882
2717,0.9975,0.9999,0.2165,0.0359,0.7476,0.9706,0.0192,0.001,0.0092
2718,0.9992,0.0005,0.0116,0.9809,0.0075,0.0101,0.0056,0.0014,0.9829
2719,0.9687,0.9999,0.0111,0.9841,0.0047,0.001,0.029,0.0008,0.9692
2720,0.9967,0.9999,0.0072,0.9869,0.0059,0.0006,0.0071,0.0005,0.9918
2721,0.9946,0.9994,0.0225,0.9584,0.0191,0.0183,0.2438,0.0024,0.7355
2722,0.9649,0.9999,0.0086,0.9843,0.0071,0.0008,0.0235,0.0006,0.9751
2723,0.9886,0.9998,0.2388,0.3063,0.4549,0.0399,0.7413,0.0021,0.2167
2724,0.9863,0.9999,0.0081,0.0209,0.971,0.9745,0.0007,0.0022,0.0225
2725,0.0132,0.9994,0.0168,0.0143,0.9689,0.9943,0.0023,0.0008,0.0026
2726,0.9975,0.9998,0.0856,0.7475,0.1669,0.0009,0.0276,0.0007,0.9708
2727,0.975,0.9999,0.0118,0.9838,0.0044,0.0031,0.3089,0.0022,0.6858
2729,0.9881,0.9998,0.0057,0.9918,0.0025,0.0007,0.016,0.0006,0.9827
2730,0.9919,0.9999,0.3657,0.4815,0.1528,0.3203,0.1809,0.0032,0.4956
2731,0.9966,0.9998,0.0152,0.9802,0.0045,0.0013,0.9597,0.0011,0.0379
2732,0.9959,0.9998,0.0408,0.9279,0.0314,0.0251,0.0236,0.0013,0.95
2733,0.9978,0.0006,0.2488,0.7224,0.0288,0.2313,0.0337,0.0098,0.7252
2734,0.9824,0.9998,0.011,0.9847,0.0043,0.0018,0.7277,0.0016,0.2689
2735,0.9936,0.9998,0.0107,0.9827,0.0067,0.0005,0.0067,0.0004,0.9923
2736,0.9021,0.9999,0.024,0.9629,0.0131,0.0009,0.0173,0.0008,0.981
2737,0.9747,0.9998,0.0113,0.9834,0.0053,0.0021,0.7351,0.0017,0.2611
2738,0.998,0.0007,0.0111,0.9849,0.0039,0.0016,0.0131,0.0016,0.9837
2739,0.988,0.9999,0.0119,0.9842,0.0039,0.0009,0.9473,0.0008,0.051
2740,0.9909,0.9994,0.0137,0.9763,0.01,0.0186,0.2563,0.0031,0.722
2741,0.9962,0.9998,0.0282,0.7268,0.245,0.001,0.9651,0.0009,0.033
2742,0.9983,0.0005,0.0189,0.9785,0.0026,0.0011,0.0111,0.0011,0.9868
2743,0.9985,0.0005,0.0101,0.9845,0.0053,0.0007,0.0072,0.0008,0.9913
2744,0.9945,0.9999,0.0152,0.042,0.9429,0.9709,0.0157,0.001,0.0125
2745,0.9919,0.9998,0.0095,0.969,0.0215,0.0031,0.7487,0.0033,0.2449
2746,0.9909,0.9999,0.2669,0.7108,0.0223,0.0665,0.9134,0.0008,0.0193
2747,0.0417,0.9998,0.0222,0.9607,0.0171,0.0015,0.0228,0.0009,0.9747
2748,0.9652,0.9997,0.4588,0.2461,0.2951,0.2081,0.0402,0.0022,0.7495
2749,0.9991,0.0004,0.0141,0.9832,0.0027,0.0015,0.0031,0.0005,0.9949
2750,0.9885,0.9999,0.0535,0.9257,0.0208,0.1274,0.736,0.0025,0.134
2751,0.9884,0.9999,0.0056,0.9908,0.0037,0.0011,0.0415,0.0009,0.9566
2752,0.9917,0.9999,0.0126,0.9743,0.0131,0.0007,0.0159,0.0006,0.9828
2753,0.9881,0.9999,0.0068,0.9678,0.0254,0.001,0.015,0.0007,0.9833
2754,0.9677,0.9999,0.0381,0.2473,0.7145,0.002,0.7027,0.0015,0.2938
2755,0.9874,0.9997,0.0594,0.921,0.0197,0.007,0.9843,0.0005,0.0082
2756,0.973,0.9999,0.0066,0.9903,0.0031,0.0009,0.0089,0.0006,0.9896
2757,0.9677,0.9998,0.0264,0.6655,0.3081,0.0017,0.7486,0.0014,0.2482
2758,0.9899,0.9999,0.0057,0.9908,0.0034,0.0008,0.015,0.0006,0.9836
2759,0.9906,0.9998,0.01,0.9841,0.0059,0.0007,0.0095,0.0005,0.9893
2760,0.9992,0.0005,0.0155,0.9769,0.0076,0.0099,0.0067,0.0017,0.9817
2762,0.9992,0.0005,0.0186,0.9717,0.0097,0.0092,0.0122,0.0013,0.9772
2763,0.992,0.9998,0.0087,0.9835,0.0079,0.0009,0.0077,0.0004,0.991
2764,0.9977,0.9998,0.1632,0.0947,0.742,0.7416,0.2074,0.0037,0.0472
2765,0.9967,0.9999,0.0848,0.7324,0.1828,0.4585,0.4938,0.002,0.0457
2766,0.9839,0.9999,0.2972,0.4393,0.2636,0.0181,0.9708,0.001,0.0102
2767,0.0524,0.9998,0.0424,0.946,0.0117,0.0015,0.0175,0.001,0.98
2768,0.9951,0.9999,0.063,0.2051,0.7319,0.4898,0.1049,0.0021,0.4033
2769,0.9913,0.9999,0.0083,0.9821,0.0096,0.0005,0.0044,0.0004,0.9948
2770,0.9976,0.0006,0.0135,0.9778,0.0088,0.0084,0.0152,0.0025,0.9739
2771,0.9937,0.9998,0.0058,0.9895,0.0046,0.0021,0.6805,0.0017,0.3157
2772,0.9949,0.9999,0.1325,0.4339,0.4336,0.6546,0.0225,0.0057,0.3172
2773,0.9932,0.9998,0.0298,0.0196,0.9506,0.965,0.024,0.0008,0.0102
2774,0.9867,0.9998,0.0038,0.9875,0.0087,0.0023,0.0174,0.0008,0.9796
2775,0.9835,0.9999,0.0082,0.987,0.0048,0.0008,0.0161,0.0007,0.9825
2776,0.9981,0.0005,0.0121,0.9855,0.0024,0.0011,0.0095,0.0015,0.9879
2777,0.9755,0.9997,0.0315,0.9554,0.0131,0.0042,0.0133,0.0005,0.9821
2778,0.9935,0.9998,0.0671,0.6899,0.243,0.0019,0.7001,0.0015,0.2965
2779,0.0331,0.9998,0.0093,0.981,0.0097,0.002,0.0682,0.0015,0.9283
2780,0.9938,0.9998,0.1297,0.7304,0.1399,0.2148,0.7279,0.0028,0.0545
2781,0.9979,0.9998,0.0298,0.7294,0.2408,0.0031,0.7021,0.0025,0.2923
2782,0.9901,0.9999,0.7106,0.2372,0.0521,0.0039,0.0033,0.0004,0.9924
2783,0.9927,0.9998,0.0206,0.9719,0.0075,0.0028,0.7366,0.0024,0.2583
2784,0.9826,0.9999,0.0069,0.9889,0.0042,0.0006,0.0177,0.0005,0.9811
2785,0.9961,0.9999,0.0169,0.9713,0.0118,0.0009,0.0085,0.0005,0.9901
2786,0.9965,0.9999,0.3195,0.2278,0.4528,0.4819,0.493,0.0024,0.0228
2787,0.9981,0.0005,0.0064,0.9881,0.0055,0.0009,0.0103,0.0012,0.9876
2788,0.9981,0.9999,0.0167,0.7473,0.236,0.0015,0.736,0.0013,0.2611
2789,0.9981,0.0005,0.2697,0.6946,0.0356,0.0066,0.7498,0.0059,0.2376
2790,0.9542,0.9999,0.0164,0.7448,0.2389,0.0018,0.016,0.001,0.9812
2791,0.9771,0.9998,0.0061,0.9902,0.0037,0.002,0.0454,0.001,0.9517
2792,0.9947,0.9999,0.0177,0.9593,0.023,0.0006,0.0073,0.0005,0.9917
2793,0.9875,0.9998,0.0114,0.9842,0.0044,0.0024,0.2855,0.002,0.7102
2794,0.9924,0.9998,0.006,0.9873,0.0067,0.0008,0.012,0.0006,0.9866
2795,0.9988,0.001,0.037,0.953,0.01,0.0058,0.0108,0.0019,0.9815
2796,0.8019,0.9999,0.0148,0.9755,0.0097,0.0014,0.0454,0.0011,0.9522
2797,0.9914,0.9998,0.0079,0.9879,0.0042,0.0021,0.297,0.0014,0.6995
2798,0.995,0.9999,0.2266,0.6962,0.0772,0.0134,0.9714,0.0006,0.0145
2799,0.9747,0.9997,0.0588,0.7486,0.1925,0.7354,0.0235,0.0031,0.238
2800,0.9007,0.9999,0.0275,0.7499,0.2226,0.003,0.2525,0.0025,0.7421
2801,0.995,0.9999,0.0095,0.9862,0.0043,0.0008,0.0109,0.0005,0.9879
2802,0.9981,0.0006,0.007,0.9899,0.0031,0.0012,0.0136,0.0015,0.9838
2803,0.9715,0.9999,0.017,0.5011,0.4819,0.2514,0.0017,0.0033,0.7436
2805,0.0365,0.9998,0.0132,0.9817,0.0051,0.0025,0.2773,0.0021,0.7181
2806,0.9986,0.9998,0.0072,0.9893,0.0035,0.0005,0.004,0.0004,0.9952
2807,0.9954,0.9999,0.0135,0.7348,0.2518,0.0011,0.0133,0.0009,0.9847
2808,0.9865,0.9999,0.0087,0.9882,0.0031,0.0023,0.26,0.0015,0.7362
2809,0.9831,0.9999,0.0103,0.9838,0.0058,0.0013,0.0184,0.0007,0.9797
2810,0.999,0.0005,0.0141,0.9764,0.0095,0.0015,0.0141,0.0016,0.9828
2811,0.9983,0.0006,0.2368,0.7423,0.0209,0.0293,0.2518,0.0042,0.7146
2812,0.994,0.9999,0.0216,0.2644,0.714,0.7108,0.2136,0.0037,0.0719
2813,0.9624,0.9998,0.146,0.3838,0.4702,0.7481,0.0125,0.001,0.2384
2814,0.9978,0.0005,0.0061,0.9881,0.0058,0.002,0.0185,0.0018,0.9777
2815,0.9981,0.0005,0.0175,0.9716,0.0109,0.0008,0.0088,0.0009,0.9895
2816,0.9588,0.9999,0.0111,0.9829,0.006,0.001,0.0255,0.0008,0.9727
2817,0.9927,0.9998,0.0054,0.9867,0.0079,0.0006,0.0075,0.0005,0.9915
2818,0.9984,0.0005,0.0038,0.9938,0.0024,0.001,0.0058,0.0011,0.992
2819,0.9872,0.9999,0.0152,0.9749,0.0098,0.0007,0.0187,0.0006,0.98
2820,0.9865,0.9999,0.0072,0.9885,0.0043,0.0011,0.0468,0.0009,0.9512
2821,0.9908,0.9999,0.0081,0.9775,0.0144,0.0005,0.0061,0.0004,0.993
2822,0.9977,0.0005,0.0065,0.992,0.0015,0.0014,0.0125,0.0016,0.9845
2823,0.9992,0.0005,0.0247,0.9621,0.0132,0.0058,0.0218,0.0022,0.9701
2824,0.9724,0.9997,0.0071,0.9824,0.0105,0.0027,0.7394,0.002,0.2558
2825,0.9969,0.9998,0.0992,0.4144,0.4863,0.7457,0.1619,0.0036,0.0887
2826,0.9923,0.9999,0.3342,0.4976,0.1683,0.2132,0.0417,0.0055,0.7397
2827,0.977,0.9999,0.0086,0.9873,0.0041,0.0009,0.0175,0.0007,0.9808
2828,0.9982,0.9998,0.009,0.9874,0.0036,0.0017,0.2581,0.0012,0.7389
2829,0.9956,0.9998,0.1493,0.7144,0.1363,0.164,0.7215,0.0031,0.1114
2830,0.999,0.9992,0.0644,0.9207,0.0149,0.0107,0.6888,0.0014,0.2991
2831,0.9967,0.9998,0.0069,0.9697,0.0233,0.0006,0.015,0.0005,0.9838
2832,0.994,0.9999,0.1986,0.7379,0.0635,0.2825,0.2213,0.0056,0.4907
2833,0.9896,0.9998,0.2411,0.7386,0.0203,0.0119,0.974,0.0007,0.0133
2834,0.9056,0.9999,0.028,0.735,0.237,0.0009,0.0169,0.0007,0.9814
2835,0.9959,0.9998,0.2162,0.7477,0.0361,0.0177,0.0159,0.001,0.9654
2836,0.987,0.9998,0.0064,0.9901,0.0035,0.0009,0.0203,0.0007,0.9781
2837,0.9881,0.9998,0.0271,0.9504,0.0225,0.0107,0.9814,0.0006,0.0074
2838,0.9992,0.0004,0.0099,0.9842,0.0059,0.0036,0.0058,0.0013,0.9893
2839,0.9993,0.0004,0.0058,0.9905,0.0037,0.0016,0.0036,0.0007,0.9941
2840,0.9823,0.9998,0.0557,0.4454,0.4989,0.7461,0.0098,0.0047,0.2395
2841,0.9808,0.9999,0.0087,0.9873,0.0039,0.0008,0.0071,0.0005,0.9916
2842,0.9898,0.9995,0.0074,0.9851,0.0075,0.0289,0.2402,0.003,0.7279
2843,0.9917,0.9998,0.0468,0.7418,0.2115,0.0013,0.0502,0.0013,0.9472
2844,0.9702,0.9998,0.0055,0.9768,0.0178,0.0015,0.248,0.0013,0.7492
2845,0.9839,0.9999,0.0205,0.7286,0.2509,0.0007,0.0148,0.0006,0.9839
2846,0.9905,0.9999,0.0259,0.7211,0.253,0.0007,0.0173,0.0006,0.9814
2847,0.9863,0.9998,0.0136,0.9801,0.0063,0.0017,0.7035,0.0014,0.2934
2848,0.9926,0.9998,0.0079,0.9859,0.0062,0.0007,0.0132,0.0006,0.9856
2849,0.991,0.9999,0.0075,0.9861,0.0064,0.0006,0.0058,0.0004,0.9932
2850,0.9888,0.9998,0.0077,0.9669,0.0254,0.0006,0.0059,0.0005,0.993
2851,0.9965,0.0005,0.0115,0.9854,0.0031,0.0036,0.0155,0.0025,0.9784
2852,0.9596,0.9996,0.0993,0.731,0.1697,0.741,0.0536,0.0037,0.2017
2853,0.9941,0.9998,0.0154,0.6829,0.3017,0.0027,0.2687,0.0016,0.7269
2854,0.9993,0.0004,0.0172,0.9789,0.0039,0.0023,0.0056,0.0008,0.9913
2855,0.9544,0.9999,0.0107,0.9792,0.0101,0.0016,0.2888,0.0013,0.7083
2856,0.9856,0.9998,0.0355,0.9451,0.0194,0.1258,0.7457,0.0032,0.1254
2857,0.9958,0.9999,0.0089,0.9875,0.0036,0.0005,0.0053,0.0004,0.9937
2858,0.9996,0.0007,0.0513,0.9315,0.0172,0.0302,0.7165,0.0075,0.2459
2859,0.9973,0.0008,0.0152,0.9812,0.0036,0.0014,0.0239,0.0028,0.9719
2860,0.031,0.9995,0.0298,0.0134,0.9568,0.9886,0.0028,0.0021,0.0064
2861,0.9883,0.9999,0.0066,0.9894,0.0039,0.0021,0.277,0.0017,0.7192
2862,0.9975,0.9989,0.9619,0.0341,0.0039,0.0487,0.2086,0.0031,0.7396
2863,0.9945,0.9999,0.1629,0.7397,0.0973,0.2012,0.7441,0.0033,0.0514
2864,0.9981,0.0005,0.0102,0.9878,0.0019,0.0009,0.0091,0.001,0.989
2865,0.9945,0.9999,0.0475,0.0821,0.8704,0.965,0.0222,0.0006,0.0122
2866,0.9297,0.9998,0.0073,0.9799,0.0128,0.0022,0.738,0.0018,0.258
2867,0.9967,0.0013,0.0309,0.9536,0.0155,0.0032,0.0314,0.0021,0.9633
2868,0.9725,0.9998,0.0109,0.9819,0.0072,0.001,0.0255,0.0008,0.9728
2869,0.9766,0.9999,0.0116,0.9831,0.0053,0.0023,0.7415,0.0019,0.2543
2870,0.9891,0.9998,0.0317,0.9561,0.0122,0.0101,0.0195,0.0006,0.9698
2871,0.9481,0.9998,0.006,0.9887,0.0052,0.0018,0.0201,0.001,0.9771
2872,0.9926,0.9998,0.0038,0.9904,0.0058,0.0007,0.0089,0.0005,0.99
2873,0.993,0.9999,0.0095,0.98,0.0106,0.0007,0.0109,0.0005,0.9878
2874,0.9982,0.0005,0.0051,0.9912,0.0038,0.0007,0.007,0.0008,0.9915
2875,0.9938,0.9999,0.0463,0.9358,0.0179,0.0036,0.0018,0.0003,0.9943
2876,0.9977,0.0007,0.0139,0.9758,0.0103,0.0012,0.0111,0.0017,0.9859
2878,0.9945,0.9999,0.4824,0.4608,0.0568,0.4229,0.4634,0.0028,0.1109
2879,0.9857,0.9998,0.4753,0.4769,0.0477,0.0623,0.0391,0.0016,0.897
2880,0.9842,0.9999,0.0139,0.7449,0.2412,0.0009,0.0162,0.0007,0.9822
2881,0.9653,0.9998,0.0037,0.992,0.0043,0.0028,0.2477,0.0023,0.7471
2882,0.9839,0.995,0.0913,0.678,0.2307,0.7171,0.0295,0.0054,0.248
2883,0.9964,0.9999,0.1768,0.48,0.3433,0.494,0.4671,0.0032,0.0357
2884,0.9922,0.9999,0.0083,0.978,0.0137,0.0006,0.0068,0.0005,0.9921
2885,0.995,0.9999,0.2078,0.7323,0.0599,0.0553,0.7251,0.0016,0.2179
2886,0.9889,0.9998,0.0116,0.9836,0.0048,0.0007,0.0095,0.0006,0.9892
2887,0.9551,0.9997,0.127,0.3766,0.4964,0.7437,0.0117,0.0023,0.2423
2888,0.9983,0.0004,0.0153,0.9821,0.0026,0.0011,0.012,0.0012,0.9856
2889,0.995,0.9999,0.0166,0.964,0.0194,0.0006,0.0062,0.0005,0.9927
2890,0.9941,0.9999,0.0572,0.4685,0.4743,0.4474,0.1792,0.0028,0.3706
2891,0.973,0.9999,0.0089,0.7038,0.2874,0.0009,0.0113,0.0007,0.9872
2892,0.9987,0.9998,0.0053,0.9894,0.0053,0.0013,0.3072,0.0008,0.6907
2893,0.9982,0.0004,0.0073,0.9881,0.0045,0.001,0.0113,0.0012,0.9866
2894,0.0235,0.9998,0.0211,0.0109,0.968,0.993,0.0005,0.0009,0.0055
2895,0.9908,0.9999,0.0491,0.2289,0.722,0.9814,0.0008,0.0019,0.0159
2896,0.9888,0.9999,0.1684,0.0866,0.745,0.7252,0.0012,0.0029,0.2706
2897,0.9943,0.9999,0.1502,0.402,0.4479,0.4987,0.071,0.0032,0.4271
2898,0.9957,0.9999,0.0183,0.0422,0.9395,0.9587,0.0117,0.0015,0.0281
2899,0.9948,0.9998,0.1953,0.7432,0.0615,0.0716,0.7418,0.0022,0.1844
2900,0.9989,0.0006,0.0451,0.944,0.0109,0.0227,0.0054,0.0022,0.9696
2901,0.9917,0.9998,0.0038,0.9854,0.0108,0.0019,0.7402,0.0016,0.2564
2902,0.9996,0.0008,0.0472,0.9398,0.013,0.026,0.7388,0.0049,0.2303
2903,0.9082,0.9999,0.1296,0.1245,0.7458,0.7144,0.0016,0.0028,0.2812
2904,0.0494,0.9998,0.0092,0.9861,0.0048,0.001,0.0137,0.0008,0.9846
2905,0.9875,0.9998,0.008,0.9867,0.0054,0.0005,0.0083,0.0004,0.9907
2906,0.9888,0.9996,0.0291,0.9474,0.0235,0.0052,0.9877,0.0005,0.0066
2907,0.9789,0.9998,0.1964,0.3042,0.4994,0.7438,0.0203,0.0018,0.2341
2908,0.9987,0.0005,0.016,0.9737,0.0103,0.0016,0.0078,0.0011,0.9896
2909,0.9835,0.9999,0.0079,0.9863,0.0059,0.0008,0.0132,0.0006,0.9854
2910,0.015,0.9996,0.0087,0.0051,0.9863,0.9925,0.0009,0.0016,0.0049
2911,0.9934,0.9999,0.1162,0.478,0.4059,0.2151,0.039,0.0018,0.7441
2912,0.9991,0.0008,0.7497,0.2265,0.0237,0.0012,0.9775,0.0017,0.0196
2913,0.9929,0.9999,0.0097,0.9825,0.0078,0.0011,0.008,0.0004,0.9904
2914,0.9968,0.9998,0.2914,0.4851,0.2235,0.1085,0.7163,0.0023,0.1729
2915,0.9926,0.9999,0.0793,0.1819,0.7388,0.7227,0.0141,0.0018,0.2613
2916,0.9948,0.9999,0.1612,0.7448,0.094,0.1197,0.7451,0.0019,0.1333
2917,0.9752,0.9999,0.0274,0.7344,0.2383,0.0008,0.01,0.0006,0.9886
2918,0.9968,0.0006,0.2239,0.7335,0.0425,0.0045,0.0534,0.0044,0.9377
2919,0.9989,0.0005,0.2821,0.6783,0.0396,0.06,0.1925,0.0096,0.7379
2920,0.9964,0.9999,0.1845,0.7494,0.0661,0.1432,0.737,0.004,0.1158
2921,0.9841,0.9999,0.2549,0.4212,0.3239,0.0195,0.9659,0.0007,0.014
2922,0.9929,0.9999,0.0201,0.2693,0.7106,0.9671,0.0086,0.0038,0.0204
2923,0.9921,0.9999,0.1452,0.2793,0.5756,0.9651,0.0008,0.0021,0.032
2924,0.9975,0.0013,0.015,0.9729,0.0121,0.0012,0.0153,0.0019,0.9815
2925,0.0937,0.9998,0.0044,0.9918,0.0038,0.0011,0.9402,0.001,0.0577
2926,0.9959,0.9999,0.1852,0.093,0.7218,0.7326,0.1537,0.0125,0.1013
2927,0.9973,0.9998,0.0102,0.9854,0.0044,0.0009,0.0091,0.0006,0.9895
2928,0.9968,0.9998,0.009,0.9833,0.0077,0.0048,0.0729,0.0019,0.9205
2929,0.7456,0.9999,0.0074,0.9859,0.0067,0.0008,0.9624,0.0007,0.0361
2930,0.9962,0.9998,0.2543,0.7386,0.0071,0.0006,0.0087,0.0005,0.9901
2931,0.9972,0.9998,0.4605,0.1698,0.3698,0.4519,0.3982,0.0042,0.1457
2932,0.9952,0.9999,0.014,0.9783,0.0077,0.0007,0.0065,0.0005,0.9924
2933,0.9598,0.9998,0.0088,0.9881,0.003,0.0021,0.7452,0.0018,0.2509
2934,0.9952,0.9999,0.0708,0.1905,0.7387,0.7334,0.2072,0.0014,0.058
2935,0.9619,0.9998,0.0224,0.4812,0.4963,0.0023,0.3074,0.0019,0.6883
2936,0.987,0.9999,0.0063,0.9905,0.0032,0.0008,0.013,0.0006,0.9855
2937,0.9967,0.9998,0.0072,0.9893,0.0035,0.0005,0.0063,0.0004,0.9927
2938,0.9862,0.9999,0.0324,0.2283,0.7393,0.0057,0.7338,0.0024,0.2582
2939,0.979,0.9998,0.0062,0.985,0.0088,0.0193,0.4826,0.0045,0.4936
2940,0.9907,0.9998,0.235,0.0612,0.7038,0.7041,0.1472,0.0022,0.1465
2941,0.9957,0.9997,0.0399,0.9378,0.0223,0.0035,0.3221,0.0024,0.672
2942,0.8849,0.9998,0.0096,0.6644,0.326,0.0009,0.0147,0.0007,0.9838
2943,0.9932,0.9999,0.1601,0.4627,0.3771,0.2135,0.0345,0.0026,0.7494
2944,0.994,0.9996,0.3132,0.4655,0.2213,0.1636,0.7222,0.0033,0.1109
2945,0.9901,0.9999,0.0131,0.9755,0.0115,0.0007,0.0123,0.0006,0.9865
2946,0.9943,0.9998,0.0066,0.9897,0.0037,0.0006,0.0071,0.0005,0.9918
2947,0.9927,0.9999,0.0133,0.037,0.9497,0.9744,0.0079,0.0009,0.0169
2948,0.9772,0.9998,0.0117,0.9805,0.0078,0.0036,0.2492,0.0036,0.7436
2949,0.9847,0.9999,0.0708,0.2875,0.6417,0.9926,0.0005,0.0015,0.0053
2950,0.9941,0.9999,0.2585,0.4316,0.31,0.4855,0.4367,0.003,0.0748
2952,0.9907,0.9999,0.0094,0.982,0.0086,0.0006,0.0115,0.0005,0.9873
2953,0.999,0.0005,0.0168,0.9765,0.0068,0.0061,0.0057,0.0028,0.9854
2954,0.9939,0.9998,0.2474,0.3094,0.4433,0.2545,0.4734,0.0053,0.2668
2955,0.9915,0.9998,0.0049,0.9872,0.0078,0.0025,0.7467,0.002,0.2488
2956,0.996,0.9998,0.0095,0.9873,0.0032,0.0006,0.0105,0.0005,0.9883
2957,0.9975,0.9999,0.1926,0.3874,0.42,0.4951,0.4307,0.0055,0.0687
2958,0.9966,0.9999,0.1227,0.7399,0.1374,0.0696,0.4371,0.0032,0.4902
2959,0.9871,0.9998,0.0088,0.9884,0.0028,0.0006,0.0157,0.0005,0.9832
2960,0.9881,0.9998,0.0077,0.9868,0.0055,0.0009,0.0196,0.0007,0.9787
2961,0.0351,0.9998,0.0177,0.9761,0.0062,0.0015,0.0284,0.0009,0.9692
2962,0.9902,0.9998,0.0074,0.9898,0.0028,0.0005,0.0078,0.0004,0.9912
2963,0.9986,0.0005,0.0176,0.9763,0.0061,0.0265,0.2258,0.0026,0.7451
2964,0.0711,0.9998,0.0059,0.9903,0.0038,0.001,0.0223,0.0008,0.9759
2966,0.9925,0.9999,0.0343,0.951,0.0147,0.0046,0.0093,0.0004,0.9857
2967,0.985,0.9982,0.1085,0.395,0.4964,0.99,0.0012,0.0017,0.0071
2968,0.0115,0.9996,0.0084,0.0045,0.9871,0.9943,0.002,0.0009,0.0028
2969,0.9984,0.0005,0.2174,0.7413,0.0414,0.0188,0.2809,0.0035,0.6968
2970,0.9993,0.0005,0.0071,0.9891,0.0039,0.0075,0.0108,0.0014,0.9803
2971,0.9954,0.9998,0.0127,0.981,0.0063,0.0006,0.006,0.0005,0.993
2972,0.9841,0.9999,0.0075,0.9892,0.0033,0.0008,0.0131,0.0006,0.9854
2973,0.998,0.0008,0.0447,0.9417,0.0136,0.001,0.0124,0.0014,0.9852
2974,0.9884,0.9998,0.0146,0.9813,0.0041,0.0024,0.2666,0.0019,0.7292
2975,0.9702,0.9998,0.01,0.985,0.005,0.0011,0.0442,0.0009,0.9538
2976,0.9932,0.9999,0.0218,0.2286,0.7496,0.7311,0.2064,0.0017,0.0608
2977,0.9622,0.9998,0.0127,0.9827,0.0046,0.0025,0.7252,0.0019,0.2704
2978,0.9961,0.9999,0.0193,0.9701,0.0106,0.0006,0.0114,0.0005,0.9874
2979,0.998,0.9998,0.2076,0.7401,0.0523,0.0063,0.979,0.0007,0.014
2980,0.9951,0.9998,0.0129,0.9813,0.0058,0.0008,0.0055,0.0004,0.9933
2981,0.9992,0.0005,0.0157,0.9775,0.0068,0.0031,0.0046,0.001,0.9913
2982,0.9984,0.0008,0.0493,0.925,0.0257,0.0024,0.0107,0.0015,0.9854
2983,0.9662,0.9999,0.0437,0.7092,0.2471,0.0009,0.0094,0.0005,0.9892
2984,0.9906,0.9999,0.0362,0.2417,0.722,0.7497,0.2321,0.0012,0.017
2985,0.991,0.9969,0.0421,0.2102,0.7477,0.9771,0.0014,0.0019,0.0196
2986,0.9986,0.0004,0.2894,0.6979,0.0127,0.0709,0.192,0.0105,0.7265
2987,0.9982,0.0006,0.0137,0.9788,0.0075,0.0012,0.0121,0.0014,0.9852
2988,0.9969,0.9999,0.0893,0.1635,0.7472,0.7438,0.1467,0.0026,0.107
2989,0.9982,0.0005,0.0153,0.9731,0.0117,0.001,0.0067,0.002,0.9903
2990,0.9804,0.9995,0.1929,0.7473,0.0598,0.016,0.9321,0.0016,0.0503
2991,0.9632,0.9998,0.0122,0.9812,0.0066,0.0024,0.3589,0.0019,0.6368
2992,0.9855,0.9999,0.0087,0.9877,0.0036,0.0011,0.7164,0.001,0.2815
2993,0.0859,0.9998,0.0121,0.9842,0.0037,0.0011,0.0236,0.0009,0.9744
2994,0.9889,0.9998,0.0112,0.0353,0.9535,0.9559,0.0296,0.0007,0.0138
2995,0.8945,0.9998,0.0068,0.9843,0.0089,0.0011,0.0193,0.0008,0.9788
2996,0.0406,0.9998,0.0145,0.9669,0.0186,0.0015,0.0324,0.0011,0.965
2997,0.9481,0.9998,0.0074,0.9875,0.0051,0.0008,0.0132,0.0007,0.9853
2998,0.9457,0.9998,0.0063,0.9909,0.0028,0.0024,0.7498,0.002,0.2458
2999,0.0317,0.9998,0.0116,0.9732,0.0152,0.0011,0.0175,0.0009,0.9805
3000,0.9976,0.0005,0.0063,0.9919,0.0018,0.001,0.0065,0.0011,0.9914
3001,0.9898,0.9999,0.0115,0.9771,0.0114,0.0005,0.0076,0.0004,0.9915
3002,0.9935,0.9999,0.0629,0.7414,0.1957,0.0205,0.9725,0.0005,0.0065
3003,0.9919,0.9999,0.009,0.9811,0.0099,0.0005,0.9838,0.0003,0.0154
3004,0.9819,0.9999,0.0133,0.9805,0.0062,0.001,0.0104,0.0005,0.9882
3005,0.9949,0.9999,0.0163,0.9771,0.0066,0.0008,0.0093,0.0005,0.9893
3006,0.9807,0.9998,0.0071,0.99,0.0029,0.0015,0.2485,0.0012,0.7488
3007,0.9875,0.9998,0.1133,0.1765,0.7102,0.7322,0.1945,0.0021,0.0712
3008,0.9893,0.9999,0.0168,0.9702,0.013,0.0054,0.0036,0.0005,0.9906
3009,0.9956,0.9999,0.0471,0.2178,0.7351,0.7419,0.1412,0.0015,0.1154
3010,0.9974,0.0006,0.0144,0.9752,0.0104,0.0011,0.015,0.0018,0.9821
3011,0.9875,0.9998,0.0086,0.9843,0.0072,0.0009,0.0237,0.0007,0.9748
3012,0.9699,0.9998,0.0076,0.7473,0.2451,0.0007,0.0174,0.0006,0.9814
3013,0.9276,0.9999,0.016,0.9753,0.0087,0.0009,0.0177,0.0007,0.9807
3014,0.0115,0.9996,0.0095,0.0086,0.9819,0.9936,0.0006,0.0011,0.0047
3015,0.9931,0.9998,0.0132,0.9671,0.0197,0.0017,0.2533,0.0014,0.7437
3016,0.9858,0.9998,0.0065,0.989,0.0045,0.0008,0.0122,0.0006,0.9864
3017,0.9948,0.9999,0.256,0.7265,0.0175,0.0088,0.9785,0.0007,0.0121
3018,0.9704,0.9998,0.0104,0.9814,0.0081,0.0024,0.7447,0.002,0.251
3019,0.9907,0.9999,0.0093,0.9847,0.006,0.0007,0.0084,0.0005,0.9903
3020,0.9976,0.9995,0.0139,0.9732,0.0129,0.017,0.7495,0.0045,0.2291
3021,0.9735,0.9998,0.0061,0.9888,0.0051,0.002,0.2469,0.0017,0.7494
3022,0.9924,0.9999,0.0139,0.9749,0.0112,0.0006,0.007,0.0005,0.992
3023,0.9794,0.9998,0.0073,0.9885,0.0041,0.0021,0.7469,0.0017,0.2492
3024,0.9951,0.9999,0.1385,0.4869,0.3746,0.0845,0.6979,0.0041,0.2135
3025,0.9986,0.0004,0.3048,0.6771,0.0181,0.003,0.9834,0.0006,0.0129
3026,0.9775,0.9999,0.164,0.0912,0.7448,0.7383,0.0017,0.0037,0.2563
3027,0.991,0.9998,0.0096,0.9865,0.0038,0.0032,0.2493,0.0026,0.7449
3028,0.9905,0.9996,0.0391,0.9422,0.0188,0.0042,0.9886,0.0005,0.0066
3029,0.996,0.9998,0.0342,0.9443,0.0215,0.0166,0.9563,0.001,0.0261
3030,0.998,0.9997,0.0231,0.0723,0.9046,0.0039,0.0426,0.001,0.9524
3031,0.9868,0.9998,0.0067,0.9904,0.0029,0.0032,0.0156,0.001,0.9801
3032,0.9979,0.9999,0.0094,0.9841,0.0065,0.0008,0.0084,0.0006,0.9903
3033,0.993,0.9999,0.0168,0.9746,0.0086,0.0008,0.0136,0.0006,0.9851
3034,0.0568,0.9998,0.013,0.9805,0.0065,0.0014,0.0144,0.0007,0.9835
3035,0.9901,0.0428,0.1219,0.7392,0.1389,0.187,0.3363,0.002,0.4747
3036,0.9964,0.9999,0.0079,0.9829,0.0092,0.002,0.0068,0.0006,0.9906
3037,0.9973,0.9998,0.4993,0.4242,0.0766,0.0044,0.9845,0.0007,0.0104
3038,0.9819,0.9999,0.0087,0.9864,0.005,0.0016,0.2777,0.0013,0.7194
3039,0.9968,0.0006,0.0148,0.9781,0.0072,0.004,0.017,0.0025,0.9765
3040,0.9837,0.9991,0.1284,0.202,0.6696,0.7174,0.0141,0.0835,0.185
3041,0.9809,0.9999,0.0705,0.2248,0.7047,0.9652,0.0009,0.0027,0.0312
3042,0.9915,0.9999,0.447,0.492,0.061,0.3215,0.223,0.0046,0.4508
3043,0.048,0.9998,0.0188,0.9645,0.0167,0.0025,0.0199,0.001,0.9767
3044,0.983,0.9998,0.016,0.9536,0.0305,0.0007,0.009,0.0006,0.9898
3045,0.9832,0.9997,0.034,0.9503,0.0158,0.0039,0.0388,0.0005,0.9568
3046,0.9791,0.9995,0.0087,0.9864,0.0049,0.0037,0.2548,0.0019,0.7396
3047,0.9906,0.9998,0.0105,0.983,0.0065,0.0006,0.007,0.0004,0.992
3048,0.9917,0.9998,0.0091,0.9833,0.0075,0.0006,0.0059,0.0004,0.9931
3049,0.979,0.9996,0.0316,0.9461,0.0223,0.004,0.9874,0.0005,0.0081
3050,0.9955,0.9998,0.0935,0.7455,0.161,0.1846,0.7396,0.0032,0.0725
3051,0.9537,0.9998,0.0174,0.9725,0.0101,0.001,0.0239,0.0008,0.9743
3052,0.9993,0.0004,0.0116,0.9856,0.0028,0.0017,0.0045,0.0009,0.993
3053,0.9584,0.9998,0.0236,0.7492,0.2272,0.0022,0.3104,0.0018,0.6856
3054,0.9991,0.9998,0.0275,0.9595,0.013,0.0037,0.9854,0.0006,0.0103
3055,0.9869,0.9998,0.0071,0.9899,0.003,0.0023,0.7486,0.0018,0.2473
3056,0.9972,0.9998,0.4134,0.4975,0.089,0.0055,0.0049,0.0005,0.9891
3057,0.0507,0.9998,0.0108,0.9823,0.0069,0.0015,0.0428,0.0011,0.9546
3058,0.9713,0.9998,0.0151,0.9794,0.0055,0.0012,0.0195,0.001,0.9783
3059,0.9968,0.9998,0.0391,0.6984,0.2625,0.0005,0.9848,0.0004,0.0142
3060,0.9633,0.9998,0.0681,0.7224,0.2095,0.7207,0.0074,0.0032,0.2687
3061,0.994,0.9998,0.0263,0.7494,0.2243,0.0032,0.7289,0.0017,0.2662
3062,0.9834,0.9998,0.0107,0.9853,0.004,0.0033,0.7263,0.0019,0.2686
3063,0.9968,0.9998,0.2517,0.6562,0.0922,0.1361,0.7463,0.0053,0.1124
3064,0.997,0.9999,0.0119,0.9817,0.0064,0.0005,0.005,0.0004,0.9942
3065,0.9898,0.0616,0.1268,0.7494,0.1238,0.1372,0.1324,0.0113,0.7191
3066,0.945,0.9999,0.0189,0.9582,0.0229,0.0008,0.0139,0.0007,0.9846
3067,0.9974,0.9998,0.0093,0.9843,0.0063,0.0009,0.035,0.0007,0.9634
3068,0.9865,0.9999,0.4886,0.4512,0.0602,0.0158,0.971,0.0011,0.0121
3069,0.0414,0.9998,0.0054,0.9905,0.004,0.0011,0.0205,0.0009,0.9776
3070,0.9967,0.0005,0.0055,0.9899,0.0045,0.001,0.0106,0.0011,0.9872
3071,0.9986,0.0004,0.0078,0.9858,0.0065,0.0083,0.0081,0.0023,0.9814
3072,0.9841,0.9998,0.0155,0.9796,0.005,0.0008,0.9774,0.0006,0.0212
3073,0.9907,0.9999,0.1647,0.4967,0.3385,0.3194,0.1781,0.0051,0.4975
3074,0.9993,0.0004,0.0085,0.9866,0.0049,0.0012,0.0016,0.0006,0.9966
3075,0.9924,0.9998,0.0107,0.9836,0.0058,0.0009,0.0121,0.0005,0.9864
3076,0.9938,0.9998,0.1481,0.7139,0.138,0.2582,0.7299,0.0014,0.0105
3077,0.9924,0.9998,0.0091,0.9824,0.0085,0.0007,0.0123,0.0006,0.9865
3078,0.9963,0.9998,0.0044,0.9896,0.006,0.0007,0.0126,0.0006,0.9861
3079,0.9783,0.9999,0.0045,0.9908,0.0047,0.0022,0.7419,0.0019,0.254
3080,0.9735,0.9994,0.0093,0.9815,0.0093,0.0214,0.4926,0.0025,0.4836
3081,0.963,0.9998,0.0058,0.9884,0.0058,0.0049,0.7155,0.0022,0.2774
3082,0.9801,0.9998,0.0077,0.9825,0.0098,0.001,0.029,0.0007,0.9693
3083,0.9819,0.9998,0.0073,0.9791,0.0136,0.0022,0.2462,0.0019,0.7497
3084,0.9757,0.9996,0.072,0.7061,0.2219,0.7241,0.0484,0.009,0.2185
3085,0.9923,0.9999,0.0072,0.9881,0.0047,0.0005,0.0063,0.0004,0.9929
3086,0.9862,0.9999,0.013,0.9803,0.0067,0.0007,0.0175,0.0006,0.9812
3087,0.9991,0.0006,0.0189,0.9783,0.0027,0.0024,0.2475,0.0032,0.7469
3088,0.9874,0.9998,0.0077,0.9886,0.0036,0.0017,0.2472,0.0014,0.7497
3089,0.9992,0.0006,0.1954,0.7475,0.0571,0.005,0.0149,0.0025,0.9775
3090,0.9513,0.9999,0.0105,0.7269,0.2627,0.0021,0.3132,0.0018,0.6828
3091,0.9882,0.9999,0.0193,0.9451,0.0355,0.3622,0.4857,0.0032,0.149
3092,0.051,0.9998,0.0354,0.9519,0.0127,0.0008,0.0163,0.0007,0.9822
3093,0.9977,0.9998,0.0077,0.9739,0.0184,0.0015,0.2511,0.0013,0.7462
3094,0.9926,0.9999,0.136,0.3871,0.4769,0.1071,0.41,0.0081,0.4747
3095,0.9808,0.9998,0.0112,0.9847,0.0042,0.0035,0.266,0.0029,0.7276
3096,0.9941,0.9999,0.0489,0.7422,0.2089,0.1245,0.3816,0.0045,0.4894
3097,0.9948,0.9999,0.0136,0.9801,0.0063,0.0007,0.01,0.0006,0.9887
3098,0.9994,0.0005,0.0209,0.9634,0.0157,0.0036,0.0096,0.0021,0.9847
3099,0.9946,0.9998,0.018,0.9728,0.0092,0.002,0.2546,0.0015,0.7419
3100,0.9875,0.9999,0.1607,0.491,0.3482,0.3703,0.4667,0.0035,0.1595
3101,0.9938,0.9997,0.2324,0.7316,0.036,0.0071,0.9876,0.0005,0.0048
3102,0.9822,0.9998,0.0236,0.6945,0.2819,0.0021,0.011,0.0008,0.9861
3103,0.9537,0.9999,0.0057,0.9872,0.007,0.0008,0.0077,0.0006,0.9909
3104,0.9923,0.9998,0.0626,0.9144,0.023,0.0081,0.2758,0.0011,0.715
3105,0.9819,0.9998,0.0067,0.9891,0.0041,0.0008,0.0245,0.0007,0.974
3106,0.9917,0.9999,0.0088,0.988,0.0032,0.0011,0.9384,0.0008,0.0597
3108,0.9961,0.9999,0.4833,0.248,0.2687,0.4353,0.4994,0.0076,0.0578
3109,0.9991,0.0005,0.2112,0.7242,0.0646,0.0177,0.6617,0.0022,0.3184
3110,0.9903,0.9998,0.0401,0.9484,0.0115,0.0008,0.9755,0.0006,0.0231
3111,0.9821,0.9992,0.0134,0.9788,0.0078,0.0051,0.2625,0.0021,0.7304
3112,0.9694,0.9998,0.0175,0.979,0.0034,0.0023,0.2788,0.0018,0.7171
3113,0.9938,0.9999,0.0103,0.9844,0.0053,0.0005,0.0062,0.0004,0.9929
3114,0.9915,0.9999,0.0065,0.986,0.0074,0.0009,0.0045,0.0004,0.9942
3115,0.9966,0.9999,0.4198,0.4997,0.0805,0.4637,0.3155,0.0061,0.2147
3116,0.9776,0.9999,0.0608,0.4461,0.4931,0.2543,0.0015,0.003,0.7412
3117,0.998,0.0005,0.0079,0.985,0.0071,0.0011,0.0119,0.0016,0.9855
3118,0.9879,0.9998,0.0058,0.9911,0.0031,0.0008,0.0152,0.0006,0.9835
3119,0.997,0.9999,0.1171,0.4956,0.3873,0.2937,0.4911,0.0053,0.2098
3120,0.967,0.9998,0.0062,0.9806,0.0132,0.0021,0.7382,0.0018,0.2579
3121,0.9978,0.9998,0.0105,0.9822,0.0072,0.0005,0.0079,0.0004,0.9912
3122,0.9927,0.9998,0.3508,0.1587,0.4905,0.4214,0.1022,0.0061,0.4703
3123,0.9936,0.9999,0.0414,0.217,0.7415,0.1739,0.4447,0.0029,0.3785
3124,0.99,0.9999,0.0771,0.1795,0.7433,0.7223,0.0938,0.0025,0.1814
3125,0.998,0.9999,0.2616,0.7108,0.0276,0.001,0.9669,0.0008,0.0313
3126,0.9921,0.9999,0.0131,0.9805,0.0065,0.0005,0.0063,0.0004,0.9928
3127,0.997,0.9999,0.1788,0.0727,0.7485,0.7118,0.19,0.0053,0.0929
3128,0.9923,0.9999,0.1406,0.4079,0.4515,0.4803,0.1344,0.0071,0.3782
3129,0.9677,0.9998,0.0653,0.4917,0.443,0.6695,0.0138,0.0056,0.3111
3130,0.9969,0.9997,0.0276,0.9493,0.0231,0.0007,0.0685,0.0005,0.9303
3131,0.9923,0.9998,0.0069,0.9895,0.0037,0.0006,0.008,0.0005,0.9909
3132,0.9839,0.9999,0.008,0.987,0.005,0.0007,0.0143,0.0006,0.9845
3133,0.0128,0.9995,0.0187,0.0158,0.9655,0.9952,0.0003,0.0005,0.004
3134,0.9972,0.9998,0.013,0.9808,0.0062,0.0008,0.0205,0.0006,0.9781
3135,0.9929,0.9999,0.1201,0.1816,0.6983,0.7375,0.21,0.0025,0.05
3136,0.9735,0.9999,0.0066,0.9881,0.0053,0.0014,0.0156,0.0008,0.9822
3137,0.9915,0.9995,0.0138,0.9631,0.0232,0.0706,0.205,0.0049,0.7195
3138,0.9736,0.9998,0.0456,0.746,0.2084,0.7367,0.0235,0.123,0.1168
3139,0.9757,0.9998,0.0234,0.9655,0.0111,0.0248,0.9617,0.001,0.0125
3140,0.9897,0.9998,0.0179,0.9735,0.0086,0.0006,0.0053,0.0004,0.9936
3141,0.9892,0.9998,0.0376,0.947,0.0155,0.0046,0.0091,0.0005,0.9857
3142,0.9947,0.9997,0.2081,0.7262,0.0657,0.0523,0.2009,0.0022,0.7447
3143,0.9979,0.9998,0.0082,0.9886,0.0032,0.0006,0.9795,0.0005,0.0193
3144,0.9995,0.0008,0.0336,0.9463,0.0201,0.03,0.672,0.0053,0.2928
3145,0.9866,0.9998,0.0057,0.9914,0.0029,0.001,0.0152,0.0008,0.9829
3146,0.9965,0.9998,0.0055,0.9916,0.0029,0.0006,0.0062,0.0005,0.9928
3147,0.9912,0.9998,0.0085,0.9875,0.004,0.0007,0.0083,0.0005,0.9904
3148,0.9966,0.9998,0.0117,0.9753,0.013,0.0006,0.0097,0.0005,0.9892
3149,0.9979,0.9998,0.0643,0.9167,0.019,0.0085,0.9818,0.0006,0.009
3150,0.9984,0.9998,0.0105,0.9855,0.004,0.0006,0.0071,0.0005,0.9919
3151,0.9942,0.9998,0.0101,0.9793,0.0106,0.0005,0.0068,0.0004,0.9922
3152,0.9994,0.0006,0.0149,0.9794,0.0057,0.0078,0.0086,0.0017,0.9819
3153,0.9864,0.9998,0.0088,0.9847,0.0065,0.0009,0.9325,0.0007,0.066
3154,0.97,0.9998,0.0056,0.9899,0.0044,0.002,0.3108,0.0016,0.6856
3155,0.9945,0.9998,0.0064,0.9687,0.0249,0.0018,0.6864,0.0015,0.3103
3156,0.972,0.9999,0.0074,0.9888,0.0038,0.001,0.025,0.0009,0.9731
3157,0.998,0.9998,0.0071,0.9882,0.0048,0.0005,0.0033,0.0004,0.9958
3158,0.9946,0.9999,0.0098,0.984,0.0062,0.0006,0.0052,0.0005,0.9937
3159,0.9983,0.9997,0.0117,0.9804,0.0079,0.0093,0.2495,0.0026,0.7387
3160,0.9329,0.9996,0.0392,0.2141,0.7467,0.9904,0.0007,0.0016,0.0072
3161,0.9975,0.9998,0.012,0.9832,0.0048,0.0011,0.0263,0.0007,0.9719
3162,0.9945,0.9999,0.0593,0.7442,0.1965,0.0015,0.7294,0.0012,0.2679
3163,0.9664,0.9998,0.0228,0.2312,0.746,0.0026,0.7162,0.0022,0.279
3164,0.9759,0.9997,0.0755,0.4932,0.4312,0.4995,0.0185,0.0019,0.4801
3165,0.992,0.9999,0.0299,0.6995,0.2706,0.0009,0.0246,0.0007,0.9739
3166,0.9968,0.9999,0.1603,0.4766,0.3631,0.0044,0.003,0.0005,0.992
3167,0.9683,0.9998,0.0071,0.9883,0.0046,0.0034,0.2476,0.0026,0.7465
3168,0.9969,0.9998,0.006,0.99,0.0041,0.0006,0.0072,0.0005,0.9917
3169,0.9905,0.9998,0.0154,0.6787,0.3059,0.0006,0.9879,0.0005,0.011
3170,0.9983,0.0005,0.005,0.9937,0.0013,0.0016,0.007,0.0012,0.9902
3171,0.9989,0.0004,0.2802,0.7055,0.0143,0.0427,0.2827,0.0035,0.671
3172,0.9822,0.9998,0.0055,0.9914,0.0031,0.0008,0.0084,0.0005,0.9903
3173,0.9819,0.9999,0.0094,0.9861,0.0045,0.0007,0.0132,0.0006,0.9855
3174,0.9732,0.9998,0.0057,0.9922,0.0021,0.0029,0.2705,0.0028,0.7238
3175,0.9991,0.0006,0.0071,0.9887,0.0042,0.0124,0.0111,0.002,0.9745
3176,0.9867,0.9999,0.0072,0.9839,0.0089,0.0007,0.0128,0.0006,0.9858
3177,0.9956,0.9999,0.0086,0.9864,0.005,0.0006,0.0088,0.0005,0.9901
3178,0.9963,0.9999,0.007,0.9897,0.0033,0.0007,0.0059,0.0004,0.993
3179,0.9814,0.9999,0.0278,0.2694,0.7028,0.2639,0.0018,0.0039,0.7304
3180,0.2241,0.9999,0.0092,0.9567,0.034,0.0018,0.2794,0.0015,0.7172
3181,0.9857,0.9998,0.008,0.9794,0.0127,0.0025,0.2635,0.0013,0.7327
3182,0.995,0.9998,0.0081,0.9875,0.0044,0.0006,0.0058,0.0005,0.9932
3183,0.9454,0.9998,0.1337,0.4997,0.3666,0.7225,0.027,0.043,0.2076
3184,0.833,0.9998,0.0067,0.988,0.0053,0.001,0.0208,0.0008,0.9774
3185,0.9945,0.9998,0.0086,0.9824,0.009,0.0007,0.0186,0.0006,0.9801
3186,0.9969,0.9997,0.9727,0.0241,0.0032,0.0149,0.2448,0.0014,0.7389
3187,0.9904,0.9998,0.1882,0.7395,0.0723,0.0089,0.014,0.0006,0.9765
3188,0.9985,0.9998,0.0078,0.9884,0.0037,0.0006,0.009,0.0005,0.9899
3189,0.9907,0.9998,0.0081,0.988,0.004,0.0006,0.0135,0.0005,0.9854
3190,0.996,0.9999,0.0407,0.2186,0.7407,0.7417,0.2306,0.0017,0.026
3191,0.9929,0.9999,0.0064,0.9891,0.0045,0.0007,0.0102,0.0006,0.9886
3192,0.9887,0.9999,0.0118,0.9841,0.0041,0.0009,0.0122,0.0005,0.9864
3193,0.9967,0.9997,0.7019,0.1676,0.1304,0.0288,0.7494,0.0016,0.2202
3194,0.9972,0.9998,0.0924,0.2296,0.678,0.0028,0.2915,0.0022,0.7035
3195,0.9834,0.9999,0.0098,0.9862,0.0039,0.003,0.2717,0.0025,0.7228
3196,0.0127,0.9997,0.0116,0.0103,0.9781,0.9912,0.0006,0.0019,0.0063
3197,0.9874,0.9998,0.0144,0.9811,0.0044,0.0009,0.0132,0.0007,0.9852
3198,0.9794,0.9999,0.0312,0.4884,0.4804,0.0037,0.2763,0.0025,0.7175
3199,0.9963,0.9999,0.0164,0.9783,0.0052,0.0007,0.9747,0.0006,0.0239
3200,0.9733,0.9998,0.011,0.6918,0.2972,0.0007,0.0191,0.0005,0.9797
3201,0.9826,0.9998,0.0351,0.955,0.0099,0.0055,0.0123,0.0007,0.9815
3202,0.9956,0.9998,0.0157,0.9745,0.0098,0.0012,0.9523,0.001,0.0455
3203,0.9985,0.9998,0.0279,0.9633,0.0088,0.0043,0.9831,0.0006,0.012
3204,0.9911,0.9999,0.1888,0.716,0.0952,0.2079,0.738,0.0017,0.0524
3205,0.9912,0.9997,0.0789,0.9059,0.0152,0.0118,0.9785,0.0006,0.0091
3206,0.983,0.9999,0.0076,0.9889,0.0035,0.0025,0.2771,0.0019,0.7185
3207,0.944,0.9998,0.0143,0.2533,0.7323,0.0009,0.0184,0.0008,0.98
3208,0.0315,0.9998,0.014,0.9788,0.0072,0.0024,0.0314,0.0009,0.9653
3209,0.9944,0.9999,0.0196,0.7351,0.2453,0.0011,0.0219,0.0009,0.976
3210,0.9257,0.9999,0.0203,0.7165,0.2632,0.0008,0.0083,0.0004,0.9905
3211,0.9888,0.9981,0.1093,0.7143,0.1765,0.2285,0.4965,0.009,0.2659
3212,0.9989,0.9997,0.0185,0.9679,0.0137,0.004,0.7486,0.002,0.2454
3213,0.9784,0.9998,0.0083,0.9836,0.0081,0.0013,0.2576,0.001,0.7402
3214,0.9698,0.9998,0.0084,0.9872,0.0043,0.0023,0.7413,0.0018,0.2546
3215,0.9951,0.9998,0.4875,0.2723,0.2403,0.0387,0.7311,0.0019,0.2283
3216,0.9971,0.9999,0.0961,0.7495,0.1544,0.1966,0.7447,0.0032,0.0555
3217,0.9913,0.9998,0.0125,0.9828,0.0048,0.0009,0.0118,0.0007,0.9866
3218,0.9957,0.9999,0.0076,0.9841,0.0083,0.0008,0.0068,0.0005,0.9919
3219,0.9884,0.9999,0.0251,0.9606,0.0143,0.0181,0.9654,0.0005,0.016
3220,0.9871,0.9998,0.0061,0.9905,0.0034,0.0007,0.0125,0.0006,0.9862
3221,0.9919,0.9999,0.0388,0.9115,0.0497,0.0337,0.9577,0.0008,0.0078
3222,0.9994,0.0009,0.0507,0.9405,0.0088,0.0061,0.2536,0.0096,0.7307
3223,0.996,0.9998,0.6831,0.3056,0.0113,0.0026,0.2592,0.0021,0.7361
3224,0.9909,0.9998,0.0083,0.9873,0.0044,0.0013,0.7232,0.0011,0.2744
3225,0.9942,0.9998,0.0129,0.9807,0.0064,0.0044,0.0073,0.0006,0.9877
3226,0.9911,0.9998,0.0931,0.8846,0.0223,0.0058,0.9826,0.0006,0.011
3227,0.9787,0.9998,0.0194,0.9614,0.0192,0.0009,0.012,0.0007,0.9864
3228,0.9834,0.9998,0.0097,0.984,0.0063,0.0012,0.2568,0.001,0.741
3229,0.9518,0.9997,0.0593,0.4451,0.4956,0.2787,0.0077,0.0016,0.712
3230,0.9979,0.0009,0.0149,0.9717,0.0134,0.0078,0.0178,0.0011,0.9734
3231,0.9761,0.9998,0.0164,0.7426,0.241,0.0006,0.0076,0.0005,0.9913
3232,0.9976,0.9998,0.016,0.9658,0.0183,0.0021,0.9401,0.0018,0.0561
3233,0.9888,0.9999,0.3906,0.4598,0.1495,0.1538,0.4855,0.0029,0.3578
3234,0.0313,0.9998,0.014,0.981,0.005,0.0011,0.0166,0.0009,0.9814
3235,0.0213,0.9997,0.0088,0.0139,0.9772,0.9951,0.0004,0.0009,0.0036
3236,0.9931,0.9998,0.0081,0.9859,0.0059,0.0006,0.0123,0.0005,0.9865
3237,0.9993,0.0007,0.024,0.9691,0.0069,0.0046,0.0417,0.0031,0.9506
3238,0.9986,0.0004,0.0407,0.9524,0.0069,0.0164,0.2552,0.0024,0.726
3239,0.9974,0.9998,0.0109,0.981,0.0082,0.0005,0.0097,0.0004,0.9893
3240,0.9926,0.9999,0.0493,0.22,0.7307,0.7267,0.0072,0.0049,0.2612
3241,0.966,0.9998,0.0073,0.9876,0.0051,0.0018,0.6867,0.0014,0.3101
3242,0.9729,0.9998,0.0219,0.6952,0.2829,0.0008,0.0133,0.0007,0.9852
3243,0.9852,0.9999,0.0102,0.9857,0.0041,0.0018,0.7497,0.0015,0.247
3244,0.9949,0.9999,0.4876,0.0752,0.4372,0.7429,0.0481,0.0013,0.2078
3245,0.9922,0.9998,0.1662,0.0946,0.7392,0.9162,0.0689,0.0012,0.0138
3246,0.9967,0.9998,0.0134,0.9804,0.0062,0.0014,0.2496,0.0012,0.7478
3247,0.9702,0.9998,0.0117,0.9828,0.0056,0.0008,0.0135,0.0007,0.985
3248,0.998,0.0007,0.011,0.9788,0.0103,0.001,0.011,0.0012,0.9868
3249,0.9692,0.9999,0.0075,0.9804,0.012,0.0009,0.0379,0.0007,0.9605
3250,0.9822,0.9999,0.0106,0.9806,0.0088,0.0007,0.0147,0.0006,0.984
3251,0.9957,0.9999,0.0185,0.9767,0.0048,0.0007,0.0107,0.0005,0.9882
3252,0.9819,0.9997,0.0515,0.9187,0.0298,0.0094,0.9848,0.0005,0.0053
3253,0.969,0.9998,0.0572,0.4913,0.4515,0.4991,0.0058,0.0016,0.4935
3254,0.9268,0.9999,0.0115,0.7351,0.2534,0.0008,0.0392,0.0007,0.9593
3255,0.036,0.9998,0.0119,0.9683,0.0198,0.0015,0.0147,0.0008,0.983
3256,0.9986,0.0004,0.0033,0.9934,0.0033,0.0009,0.0076,0.001,0.9905
3257,0.9831,0.9999,0.0088,0.9848,0.0064,0.001,0.0167,0.0005,0.9818
3258,0.9962,0.0005,0.2287,0.7414,0.0298,0.0221,0.2547,0.0046,0.7187
3259,0.9906,0.9999,0.2459,0.4969,0.2572,0.3874,0.429,0.0055,0.1781
3260,0.994,0.9999,0.4648,0.2114,0.3238,0.0159,0.7067,0.0016,0.2759
3261,0.9942,0.9999,0.1742,0.7129,0.1129,0.1012,0.1465,0.0038,0.7485
3262,0.0346,0.9998,0.0081,0.9768,0.0151,0.0012,0.0147,0.0009,0.9832
3263,0.9928,0.9998,0.0058,0.9912,0.003,0.0021,0.006,0.0005,0.9914
3264,0.9978,0.0005,0.0064,0.9922,0.0014,0.0012,0.0113,0.0019,0.9856
3265,0.9929,0.0018,0.1797,0.493,0.3274,0.1786,0.3295,0.0151,0.4768
3266,0.0492,0.9998,0.0108,0.9609,0.0283,0.0016,0.016,0.0008,0.9815
3267,0.9697,0.9999,0.0052,0.992,0.0027,0.003,0.2864,0.0017,0.7089
3268,0.9967,0.9999,0.2066,0.4925,0.301,0.4938,0.3774,0.0094,0.1193
3269,0.9908,0.9999,0.0095,0.9834,0.0071,0.0005,0.009,0.0004,0.9901
3270,0.9936,0.9999,0.0094,0.9769,0.0137,0.0006,0.008,0.0005,0.991
3271,0.9972,0.9998,0.2311,0.7469,0.022,0.0102,0.2783,0.0009,0.7105
3272,0.9988,0.0005,0.0554,0.9387,0.0059,0.0085,0.0369,0.0018,0.9528
3273,0.0866,0.9998,0.0451,0.9216,0.0333,0.0009,0.0125,0.0007,0.9859
3274,0.992,0.9998,0.0165,0.978,0.0055,0.0006,0.0109,0.0005,0.9879
3275,0.9965,0.9999,0.08,0.7394,0.1806,0.2021,0.077,0.0076,0.7134
3276,0.9929,0.9999,0.0069,0.9898,0.0033,0.0013,0.9154,0.001,0.0823
3278,0.9909,0.9997,0.0966,0.4157,0.4877,0.7415,0.2117,0.0037,0.0432
3279,0.9987,0.0006,0.0189,0.9685,0.0125,0.001,0.0066,0.001,0.9915
3280,0.9306,0.9999,0.0212,0.7409,0.2379,0.0023,0.2483,0.002,0.7474
3281,0.9939,0.9999,0.0115,0.9804,0.0081,0.0023,0.7142,0.002,0.2815
3282,0.0128,0.9997,0.0103,0.0074,0.9823,0.9909,0.0009,0.0014,0.0068
3283,0.9942,0.9999,0.4772,0.3899,0.1329,0.5503,0.1027,0.0017,0.3452
3284,0.9674,0.9998,0.0754,0.4982,0.4264,0.7018,0.0102,0.0015,0.2865
3285,0.9763,0.9998,0.0424,0.9241,0.0335,0.0131,0.97,0.0008,0.0161
3286,0.9925,0.9999,0.1412,0.7469,0.1118,0.1886,0.0793,0.0022,0.73
3287,0.9879,0.9999,0.0064,0.9893,0.0043,0.0008,0.0121,0.0006,0.9864
3288,0.0241,0.9998,0.1274,0.1394,0.7332,0.9943,0.0006,0.0006,0.0045
3289,0.9773,0.9999,0.1537,0.6756,0.1707,0.3772,0.1354,0.0046,0.4828
3290,0.9944,0.9997,0.1552,0.7487,0.0961,0.0125,0.9833,0.0004,0.0039
3291,0.9977,0.0005,0.0089,0.9884,0.0027,0.0013,0.0156,0.0018,0.9814
3292,0.99,0.9998,0.0142,0.744,0.2418,0.001,0.016,0.0008,0.9822
3293,0.9802,0.9998,0.0277,0.7071,0.2653,0.3501,0.0094,0.0035,0.637
3294,0.9908,0.9998,0.0052,0.9918,0.003,0.0007,0.0101,0.0006,0.9887
3295,0.9951,0.9999,0.0058,0.9911,0.0031,0.0007,0.0068,0.0004,0.9922
3296,0.9949,0.9999,0.009,0.9866,0.0044,0.0007,0.0096,0.0005,0.9892
3297,0.9893,0.9998,0.1097,0.1767,0.7136,0.7498,0.2289,0.002,0.0192
3298,0.9993,0.0005,0.0095,0.9863,0.0043,0.0046,0.005,0.001,0.9894
3299,0.9896,0.9998,0.0222,0.968,0.0099,0.0029,0.7478,0.0018,0.2476
3300,0.9806,0.9998,0.0223,0.4814,0.4963,0.0029,0.718,0.0024,0.2767
3301,0.991,0.9999,0.04,0.2232,0.7369,0.992,0.0004,0.0011,0.0065
3302,0.9956,0.9997,0.3995,0.1056,0.4948,0.7345,0.1517,0.0034,0.1104
3303,0.9972,0.9999,0.0177,0.9757,0.0066,0.0008,0.0118,0.0006,0.9869
3304,0.9766,0.9998,0.0079,0.9868,0.0053,0.0022,0.7046,0.0016,0.2916
3305,0.9889,0.9997,0.0392,0.9326,0.0281,0.0051,0.0052,0.0005,0.9892
3306,0.036,0.9998,0.0078,0.9793,0.0129,0.0008,0.0137,0.0007,0.9848
3307,0.9937,0.9999,0.0738,0.7245,0.2017,0.205,0.3333,0.0035,0.4582
3308,0.9902,0.9999,0.0071,0.9795,0.0133,0.0006,0.0076,0.0005,0.9913
3309,0.984,0.9999,0.01,0.9845,0.0055,0.0007,0.0095,0.0005,0.9893
3310,0.999,0.0004,0.0093,0.9838,0.0069,0.007,0.0084,0.002,0.9825
3311,0.9883,0.9999,0.0146,0.9667,0.0187,0.001,0.0067,0.0004,0.9919
3312,0.0174,0.9997,0.2181,0.0716,0.7103,0.9867,0.0008,0.0026,0.01
3313,0.9822,0.9999,0.0041,0.9932,0.0026,0.0009,0.9557,0.0008,0.0427
3314,0.9969,0.9998,0.0061,0.9856,0.0083,0.0079,0.0095,0.0007,0.9818
3315,0.9341,0.9998,0.0099,0.9832,0.0069,0.0011,0.0184,0.0009,0.9796
3316,0.9964,0.9999,0.0628,0.4604,0.4767,0.0034,0.745,0.0028,0.2488
3317,0.9842,0.9999,0.0078,0.9849,0.0073,0.0029,0.7081,0.0019,0.2872
3318,0.9974,0.9998,0.0101,0.9823,0.0076,0.001,0.0692,0.0008,0.9289
3319,0.9934,0.9999,0.0698,0.2115,0.7187,0.7451,0.2398,0.0012,0.0139
3320,0.9967,0.9999,0.0613,0.7424,0.1962,0.121,0.4829,0.0028,0.3933
3321,0.9968,0.9999,0.008,0.9858,0.0062,0.0006,0.0062,0.0005,0.9927
3322,0.9935,0.9993,0.2937,0.463,0.2433,0.1343,0.6742,0.0017,0.1898
3323,0.9927,0.9999,0.0057,0.9601,0.0342,0.0009,0.01,0.0008,0.9883
3324,0.9981,0.0006,0.007,0.9807,0.0123,0.0063,0.0053,0.0018,0.9866
3325,0.9944,0.9998,0.3806,0.4618,0.1576,0.0351,0.7224,0.0022,0.2403
3326,0.9946,0.9999,0.1301,0.4839,0.386,0.499,0.446,0.004,0.0511
3327,0.9871,0.9999,0.0057,0.9894,0.0049,0.0011,0.043,0.0009,0.955
3328,0.997,0.0006,0.0117,0.9866,0.0016,0.0013,0.0146,0.0019,0.9821
3329,0.9952,0.0036,0.0398,0.9368,0.0234,0.0405,0.2062,0.014,0.7393
3330,0.9955,0.9999,0.1527,0.135,0.7122,0.7453,0.0917,0.0089,0.1541
3331,0.991,0.9999,0.1287,0.7411,0.1302,0.0258,0.9558,0.0009,0.0175
3332,0.9581,0.9998,0.0318,0.7469,0.2213,0.002,0.7341,0.0016,0.2623
3333,0.0996,0.9999,0.0273,0.7342,0.2385,0.0022,0.2627,0.0018,0.7333
3334,0.9967,0.9998,0.0259,0.0482,0.9259,0.9442,0.0303,0.0009,0.0246
3335,0.9815,0.9999,0.0398,0.2385,0.7217,0.7448,0.0019,0.0057,0.2475
3336,0.9904,0.9999,0.0494,0.9337,0.0169,0.0093,0.0041,0.0005,0.9861
3337,0.9977,0.0005,0.0075,0.991,0.0015,0.0009,0.0059,0.001,0.9923
3338,0.9762,0.9999,0.143,0.1115,0.7455,0.6189,0.0034,0.0083,0.3694
3339,0.9934,0.9998,0.1097,0.1842,0.7061,0.7447,0.2376,0.0016,0.0161
3340,0.9991,0.0005,0.0132,0.9719,0.0149,0.0008,0.0072,0.0009,0.9911
3341,0.992,0.9999,0.0344,0.9439,0.0217,0.0039,0.0049,0.0004,0.9907
3342,0.9943,0.9999,0.1876,0.7444,0.068,0.1197,0.7059,0.0029,0.1715
3343,0.9877,0.9999,0.0411,0.9495,0.0094,0.0013,0.0107,0.0005,0.9874
3344,0.9817,0.9999,0.0117,0.9821,0.0061,0.001,0.0822,0.0008,0.9159
3345,0.9643,0.9998,0.1271,0.4895,0.3835,0.7397,0.0155,0.0023,0.2426
3346,0.997,0.0026,0.0286,0.9581,0.0133,0.0289,0.0382,0.0065,0.9264
3347,0.9954,0.9999,0.0057,0.9875,0.0068,0.0005,0.0047,0.0004,0.9944
3348,0.999,0.0004,0.2335,0.748,0.0185,0.0079,0.2464,0.0018,0.7439
3349,0.9818,0.9998,0.0228,0.723,0.2543,0.0007,0.0088,0.0005,0.99
3350,0.0346,0.9998,0.013,0.9737,0.0133,0.0013,0.0246,0.001,0.9731
3351,0.9939,0.9998,0.0088,0.9846,0.0066,0.0006,0.0077,0.0005,0.9912
3352,0.996,0.9998,0.1885,0.7234,0.088,0.2136,0.748,0.0029,0.0355
3353,0.9703,0.9999,0.0281,0.7241,0.2478,0.0008,0.018,0.0006,0.9806
3354,0.9765,0.9998,0.039,0.7346,0.2264,0.0007,0.0139,0.0006,0.9849
3355,0.9977,0.9998,0.0084,0.9806,0.011,0.0006,0.0069,0.0005,0.9919
3356,0.9967,0.9999,0.0099,0.9842,0.0059,0.0006,0.0094,0.0005,0.9896
3357,0.9759,0.9999,0.007,0.9888,0.0042,0.0006,0.0151,0.0005,0.9838
3358,0.998,0.9999,0.0136,0.9774,0.0091,0.0006,0.0107,0.0005,0.9882
3359,0.0426,0.9998,0.0181,0.9712,0.0107,0.0009,0.0105,0.0007,0.9879
3360,0.9928,0.9998,0.0108,0.9737,0.0156,0.0005,0.0072,0.0004,0.9918
3361,0.9943,0.9999,0.0492,0.4889,0.4619,0.4656,0.489,0.0042,0.0412
3362,0.9962,0.9998,0.3497,0.4729,0.1774,0.4206,0.4901,0.0047,0.0845
3363,0.9986,0.9998,0.0061,0.97,0.0239,0.0332,0.7497,0.0041,0.2131
3364,0.0931,0.9999,0.0237,0.9708,0.0055,0.0012,0.0348,0.0009,0.963
3365,0.9981,0.9998,0.34,0.1703,0.4897,0.0693,0.4573,0.0027,0.4706
3366,0.9964,0.0008,0.0092,0.9886,0.0022,0.0013,0.0129,0.0014,0.9844
3367,0.9868,0.9999,0.0062,0.9905,0.0032,0.0007,0.0091,0.0005,0.9898
3368,0.9938,0.9999,0.0088,0.9858,0.0055,0.0008,0.0147,0.0006,0.9838
3369,0.9677,0.9997,0.0074,0.9865,0.0061,0.0065,0.7274,0.0024,0.2637
3370,0.9955,0.9999,0.0091,0.9803,0.0105,0.0009,0.0061,0.0004,0.9926
3371,0.9949,0.9999,0.015,0.9768,0.0081,0.0013,0.0084,0.0006,0.9897
3372,0.9964,0.9999,0.7335,0.1161,0.1504,0.2303,0.0798,0.0086,0.6813
3373,0.9778,0.9999,0.0088,0.9858,0.0053,0.0009,0.0183,0.0007,0.9801
3374,0.9952,0.9998,0.2573,0.7142,0.0285,0.0094,0.0144,0.0007,0.9755
3375,0.9986,0.9998,0.01,0.9869,0.0032,0.0019,0.2725,0.0012,0.7244
3376,0.9959,0.9999,0.015,0.9773,0.0078,0.0006,0.0073,0.0004,0.9917
3377,0.9964,0.9998,0.0099,0.9806,0.0095,0.0006,0.0083,0.0005,0.9906
3378,0.9968,0.9998,0.015,0.9699,0.0151,0.0054,0.061,0.0048,0.9288
3379,0.8862,0.9999,0.0287,0.7248,0.2465,0.0008,0.0179,0.0007,0.9806
3380,0.988,0.9999,0.0627,0.7342,0.2031,0.06,0.2849,0.0026,0.6525
3381,0.9979,0.9998,0.3697,0.1718,0.4585,0.7499,0.1165,0.0023,0.1314
3382,0.9982,0.9999,0.1351,0.4631,0.4018,0.4455,0.514,0.0027,0.0378
3383,0.9832,0.9997,0.0453,0.7221,0.2326,0.731,0.0118,0.0045,0.2527
3384,0.9871,0.9998,0.032,0.9323,0.0357,0.0312,0.949,0.0014,0.0184
3385,0.9867,0.9998,0.0056,0.9883,0.006,0.0009,0.0135,0.0007,0.9848
3386,0.998,0.0005,0.1743,0.7387,0.0871,0.0933,0.1537,0.0067,0.7463
3387,0.9883,0.9997,0.0293,0.9555,0.0152,0.009,0.9834,0.0006,0.007
3388,0.9865,0.9998,0.0821,0.7494,0.1685,0.4915,0.0254,0.0109,0.4722
3389,0.957,0.9998,0.0071,0.9881,0.0049,0.0011,0.0208,0.0009,0.9772
3390,0.0402,0.9998,0.0062,0.9794,0.0144,0.0014,0.012,0.0007,0.9858
3391,0.981,0.9999,0.0152,0.3405,0.6443,0.0019,0.33,0.0016,0.6664
3392,0.9846,0.9999,0.0118,0.9847,0.0036,0.0024,0.2464,0.0015,0.7497
3393,0.0469,0.9998,0.0146,0.9763,0.0091,0.0011,0.0223,0.0009,0.9757
3394,0.9931,0.9998,0.1231,0.7404,0.1365,0.3627,0.1284,0.0092,0.4996
3395,0.9979,0.0005,0.0156,0.9817,0.0027,0.0055,0.3215,0.0036,0.6694
3396,0.9978,0.0005,0.032,0.9617,0.0063,0.0012,0.0107,0.001,0.9871
3397,0.9979,0.9999,0.0117,0.9761,0.0122,0.0011,0.0117,0.0007,0.9865
3398,0.982,0.9994,0.0276,0.7239,0.2485,0.0024,0.2639,0.0011,0.7326
3399,0.9972,0.9999,0.0125,0.9809,0.0066,0.0007,0.0079,0.0006,0.9908
3400,0.9971,0.0011,0.0113,0.9824,0.0063,0.0013,0.0142,0.002,0.9825
3401,0.998,0.0005,0.0066,0.9918,0.0016,0.0014,0.0143,0.002,0.9822
3402,0.9957,0.9999,0.0046,0.9918,0.0036,0.001,0.0338,0.0008,0.9644
3403,0.9922,0.9999,0.0379,0.0263,0.9359,0.9436,0.0453,0.0009,0.0103
3404,0.9956,0.9999,0.0708,0.186,0.7432,0.6861,0.2632,0.0024,0.0483
3405,0.9937,0.9999,0.0087,0.9849,0.0064,0.0006,0.0065,0.0005,0.9924
3406,0.998,0.0005,0.0148,0.971,0.0142,0.0012,0.0099,0.0009,0.988
3407,0.9959,0.9998,0.0112,0.984,0.0048,0.0008,0.006,0.0005,0.9927
3408,0.9915,0.9999,0.0074,0.9861,0.0065,0.0009,0.0106,0.0006,0.9879
3409,0.9926,0.9999,0.2319,0.7096,0.0585,0.0082,0.9831,0.0005,0.0083
3410,0.9949,0.9998,0.0123,0.9805,0.0072,0.0029,0.9353,0.0016,0.0602
3411,0.9878,0.9998,0.0082,0.989,0.0028,0.0016,0.2745,0.0013,0.7226
